"analysis","structure","n","age_min","age_max","edf","F","p","total_change","total_change_lo","total_change_hi","slope_before_60","slope_before_60_lo","slope_before_60_hi","slope_after_60","slope_after_60_lo","slope_after_60_hi","peak_age","peak_age_lo","peak_age_hi","mean_volume","p_fdr"
"primary","gm",545,20,86,1.00346108232555,902.609406862642,0,-133.684265710683,-142.457728954935,-124.651366852867,-20.256867549497,-21.580128033884,-18.853005409161,-20.252613658729,-21.6585954365065,-18.8265145387846,20,20,20,570.938251706239,NA
"primary","wm",545,20,86,3.14466415462029,47.7517031549765,0,-70.9535754452974,-88.7006741698408,-52.8296946239408,-4.0524144814643,-6.19397273709906,-1.91053764332376,-21.0553528920924,-27.71952037226,-14.336487632571,37.5,20,44,538.888350421571,NA
"primary","csf",545,20,86,3.39976619724623,160.553746215469,0,108.078846181573,93.3574660945893,122.034216066469,11.0877249367538,9.23027581126701,12.8820121077083,24.5107486286759,19.0667044318014,29.8904468187471,86,86,86,259.132099555561,NA
"primary","L_Thal",531,20,86,2.90188178256537,56.650430130147,0,-1.36570575725168,-1.67596766982703,-1.07289675035398,-0.125137500381806,-0.167500319778084,-0.0857152017323942,-0.332752213740174,-0.449384759225041,-0.217558449131529,20,20,34.5,7.76259602096935,0
"primary","L_Caud",531,20,86,2.25342118421167,45.6532553553905,0,-0.585547193536672,-0.812903160180365,-0.350472094811509,-0.115208047145351,-0.141173362245895,-0.0891861323304743,-0.0479673095981794,-0.140388696074014,0.0455101334968444,20,20,20,3.32199827495993,0
"primary","L_Puta",531,20,86,2.00580973060198,31.7459003975742,0,-0.717903000005887,-0.946990000410837,-0.485285073500555,-0.0897981637220675,-0.128868020038183,-0.0501919504339101,-0.137965517352929,-0.219225748004334,-0.0568623701637969,20,20,35,4.72331406911416,0
"primary","L_Pall",531,20,86,1.00002833076236,0.457923279064269,0.498892039423858,0.0200492974517583,-0.0389958520208973,0.0791347574107623,0.0030378475344231,-0.00592534599858791,0.0120301645211835,0.00303765665925612,-0.0059115826768817,0.0119948730430385,86,20,86,1.7050879586187,0.498892039423858
"primary","L_Hipp",531,20,86,3.32495775239006,22.1817251078312,0,-0.791698009106929,-1.05719576422808,-0.523479068327271,-0.00357953650304466,-0.03483396473323,0.0280512147661131,-0.298992255036442,-0.403119170353218,-0.191533676240922,43.5,20,51.5,3.7135555645987,0
"primary","L_Amyg",531,20,86,2.52762912235109,5.659588592018,0.00080210512190354,0.108457644231781,-0.00272829312597047,0.220653165750532,0.0284022720838676,0.0131696970171036,0.0434413191962589,-0.00198132465526519,-0.0417066728575232,0.0365492545421086,52.5,45,86,1.29360671449568,0.00109377971168665
"primary","L_Accu",531,20,86,2.97240191896338,34.4440134310957,0,-0.217419305211362,-0.281471854944606,-0.155350336454205,-0.0136474528858119,-0.0223677711692607,-0.00507682970438808,-0.0626267283338903,-0.0879221096284891,-0.0382312899872068,37,20,44,0.496123839633074,0
"primary","R_Thal",531,20,86,2.88382327318414,60.4913949363297,0,-1.30173658476264,-1.60720363736302,-0.998263253265987,-0.118678722442777,-0.160926886712401,-0.0756904111910778,-0.318085267304436,-0.43975864956237,-0.201529468297931,20,20,37,7.53265932962439,0
"primary","R_Caud",531,20,86,2.38187714654527,37.8909223062906,0,-0.538560947717764,-0.786830385247275,-0.301905478043474,-0.111149052192643,-0.138211151789405,-0.0845452620178637,-0.0361402842104576,-0.128523411969963,0.0577180313135191,20,20,20,3.44595306236124,0
"primary","R_Puta",531,20,86,2.4364170707532,30.4506031394221,0,-0.701370212541189,-0.93770558276756,-0.475547636386944,-0.0728205227074421,-0.110485717527505,-0.0368942704994927,-0.157726200658239,-0.243167281289757,-0.070603665051775,20,20,37.5,4.73288598671624,0
"primary","R_Pall",531,20,86,1.78206626230285,0.784476856711607,0.456190417744399,-0.00102951200956625,-0.0821458867574234,0.0790684430829995,0.00658950244817602,-0.0080288291516319,0.02167867693171,-0.0105336622316424,-0.0452146384774372,0.0254443771908684,52.5,20,86,1.73707091833644,0.488775447583284
"primary","R_Hipp",531,20,86,3.37565843187249,17.5494085893943,0,-0.841545059092283,-1.15003931758335,-0.533358651837483,-0.0162226058714265,-0.0518323225259488,0.0190054754437978,-0.298713321387145,-0.424068552795084,-0.171019980220084,32,20,50,3.79304998142301,0
"primary","R_Amyg",531,20,86,2.53757636454008,4.01556092996198,0.007279869674927,0.0200252319156533,-0.100526640297291,0.144582886229987,0.0263868992150771,0.00878065623224412,0.0450480749747075,-0.0328932172864059,-0.078725992282076,0.0118646614892694,50.5,41.5,86,1.25751434436008,0.00839984962491577
"primary","R_Accu",531,20,86,3.07474561225211,33.4869218779345,0,-0.205046961125715,-0.270601297521158,-0.136362732399756,-0.0102066899223941,-0.0183256582235292,-0.00161394305510102,-0.0631616159369763,-0.0866862794686269,-0.0383072029462252,40,20,46,0.397394714975173,0
"primary","BrStem",531,20,86,2.69509242269205,4.89090599782794,0.00184588868271929,0.123875311054825,-1.05062051649441,1.21920355639412,0.272374631832676,0.107084224367746,0.438487792005119,-0.371393544721492,-0.808608675698752,0.0250384415555096,49.5,41.5,64,21.552655241259,0.00230736085339911
"exclude_1s","gm",298,20,78,1.00113974061919,564.908934478713,0,-126.779001323533,-136.785893133758,-115.773055263662,-21.8588010264901,-23.5987479930441,-19.9493146089603,-21.8576651208736,-23.6653252676169,-19.9305539104613,20,20,20,580.666991169433,NA
"exclude_1s","wm",298,20,78,3.10186455532431,14.6569236083876,0,-46.4364998594117,-66.5328149950798,-27.242461047108,-4.41632771970293,-7.79211315017083,-0.959149258806304,-15.9839938781111,-26.4965171299942,-5.21790383424433,43,20,46,545.832144329079,NA
"exclude_1s","csf",298,20,78,3.24399129972723,65.4648457648496,0,90.0062983303035,73.0067201506762,106.848755880541,11.9003576304657,9.38235482352343,14.4755177300706,23.5582598935782,14.7586405315668,32.4336739691799,78,78,78,250.734012013427,NA
"exclude_1s","L_Thal",157,21,76,2.48597673539697,11.3591000209755,1.30176950940974e-06,-1.03569261297723,-1.52099829969618,-0.569730541318376,-0.121889200347124,-0.199488535513933,-0.0435539058157312,-0.350202957264655,-0.596563739369394,-0.101528624946197,21,21,42,7.85231385754779,7.73682095334127e-06
"exclude_1s","L_Caud",157,21,76,2.17427004944215,15.8142518312177,0,-0.637086019454483,-0.893229425396648,-0.377938591836895,-0.148927066246738,-0.20527870698216,-0.08882983870626,-0.0351690381826286,-0.183139628455381,0.112523811006731,21,21,21,3.32684681525428,0
"exclude_1s","L_Puta",157,21,76,1.00011764442323,15.9207844852929,0.000102935138267757,-0.554096832774498,-0.828458236737623,-0.303475894767119,-0.100746748538581,-0.150967847213383,-0.0550190115034894,-0.100740320921269,-0.149919182375117,-0.0549262297907983,21,21,21,4.71198143973704,0.000193003384252044
"exclude_1s","L_Pall",157,21,76,1.00006252157536,0.329556628580773,0.56678591362604,0.0272986299495757,-0.0733736294796227,0.117907343012691,0.00496345819295981,-0.0132840943408855,0.0214236229983583,0.00496321437314526,-0.0132497582581345,0.0214047217209311,76,21,76,1.71276024003128,0.56678591362604
"exclude_1s","L_Hipp",157,21,76,2.4408342449929,5.5564427384825,0.00104108974058814,-0.502101114640588,-0.81832597210774,-0.176241250928255,-0.0356066508807409,-0.0929075267935374,0.0199530075548675,-0.227021985128562,-0.406483389149794,-0.0425725886582117,21,21,51.5,3.78818591477112,0.0017351495676469
"exclude_1s","L_Amyg",157,21,76,1.46132189333363,1.32355008071581,0.192029257885736,0.0835822811599736,-0.0399891142523484,0.215347842259852,0.0198324257284065,-0.00824147405102934,0.0482674008092032,0.0038973880119926,-0.0713295381598919,0.0811323881557269,76,37.475,76,1.28821303568508,0.21475914318395
"exclude_1s","L_Accu",157,21,76,1.89917258210264,9.74751531801451,5.60130801792735e-05,-0.142160841811271,-0.207949169440094,-0.075768625041774,-0.0198344350261946,-0.0346310358021309,-0.00497223299811631,-0.0405040907556952,-0.0756190609677194,-0.00656122908752907,21,21,42,0.519860150800283,0.000120028028955586
"exclude_1s","R_Thal",157,21,76,1.99704599899499,13.2884623003137,1.54736419066825e-06,-0.901736297289268,-1.25703371356362,-0.540921726844592,-0.126655934879103,-0.195365273295615,-0.0541699100490177,-0.254861344537979,-0.449969588249848,-0.0459244272641322,21,21,40.5,7.64275895134304,7.73682095334127e-06
"exclude_1s","R_Caud",157,21,76,2.00440871176289,10.6988876301039,1.57019146453385e-05,-0.502864599607725,-0.769610028647415,-0.240207195873536,-0.121009351855754,-0.176405780946283,-0.0663943578646283,-0.0193300796064283,-0.178007083196858,0.142914121568532,21,21,21.0249999999999,3.45427503451316,4.71057439360156e-05
"exclude_1s","R_Puta",157,21,76,1.00005803332415,19.439213894387,2.01123033761741e-05,-0.592443924044299,-0.856707689656274,-0.323751280374934,-0.107717580117024,-0.155843632977182,-0.0590470310385419,-0.10771585099244,-0.156249315009736,-0.0593163098540292,21,21,21,4.73160033501321,5.02807584404352e-05
"exclude_1s","R_Pall",157,21,76,1.00009416093657,1.72704224596881,0.190787278402721,0.0579922183833184,-0.0340511133105938,0.1454043885514,0.0105437244069018,-0.00626186673630365,0.0264172371191088,0.0105448082477509,-0.00600367693859872,0.0263319176120781,76,21,76,1.74403785588291,0.21475914318395
"exclude_1s","R_Hipp",157,21,76,1.57598102231994,6.2018710916956,0.0050908559999352,-0.404346190709046,-0.66629821441574,-0.138026606732058,-0.0590448005040783,-0.122306855630263,0.00824084896505656,-0.108794667964463,-0.275514379056702,0.0554769113267737,21,21,45.5,3.85012311825838,0.00763628399990279
"exclude_1s","R_Amyg",157,21,76,2.19874960692531,1.30056115104919,0.200441866971686,0.00186543884402646,-0.159613835641328,0.165683516733484,0.0214158366637532,-0.00892316048835317,0.0526381228197241,-0.0510352025903819,-0.142162598752469,0.0523276397302207,53.5,21,76,1.2663593898857,0.21475914318395
"exclude_1s","R_Accu",157,21,76,2.54171508189646,9.2627858187958,1.12338164557357e-05,-0.162231689410214,-0.237860510683009,-0.0863159640158006,-0.0156005521826075,-0.0288422823486753,-0.00245685660270221,-0.0633684599362779,-0.103789385531015,-0.0184414006295801,21,21,48,0.412869026806452,4.2126811709009e-05
"exclude_1s","BrStem",157,21,76,2.39422096575913,1.91849562275613,0.0981741877528891,-0.137987885256074,-1.65452239485581,1.42428036248438,0.215639161208898,-0.0776435980349184,0.504459201050581,-0.611862883731735,-1.4469257833771,0.260891275066342,52,34.4875,76,21.668944615268,0.133873892390303
"no_iop","gm",477,21,86,1.00292832042572,830.354021970057,0,-133.438253975547,-142.50985875968,-124.450323822669,-20.5303311221608,-21.9613554784584,-19.1362611277484,-20.5269086919691,-21.9464378969941,-19.1076167350107,21,21,21,569.23445642242,NA
"no_iop","wm",477,21,86,3.27465520442095,48.789343715983,0,-72.4757267984086,-90.3687557999062,-53.829883866639,-3.69742367231728,-5.92779817195611,-1.43182405621346,-22.3291440293735,-29.3655377265365,-14.8940261461905,41,21,46,534.461728787316,NA
"no_iop","csf",477,21,86,3.51885692965381,148.671096796817,0,105.994837477068,89.6998093432245,121.802930222265,11.3705274079831,9.50910495548518,13.2047626654495,23.7114540715132,17.3475814844429,29.8371807966958,86,86,86,259.378900353518,NA
"no_iop","L_Thal",465,21,86,2.93293305951445,60.0179645472441,0,-1.49173489522571,-1.8040170867935,-1.17057623327512,-0.14139689958409,-0.183039250642566,-0.101616882716612,-0.361648841095292,-0.480958388147543,-0.240434217408055,21,21,33,7.76319959429233,0
"no_iop","L_Caud",465,21,86,1.96979599047009,59.457049333651,0,-0.699995713223137,-0.897728541880856,-0.514917034011518,-0.127863869384944,-0.156319899860896,-0.098738674275,-0.0774333163930206,-0.15905890092847,0.00211212127650234,21,21,21,3.30588335494657,0
"no_iop","L_Puta",465,21,86,2.02614466224147,35.8427837088998,0,-0.800368781362041,-1.0300331898562,-0.564579718767476,-0.102154293014216,-0.143428585234573,-0.0585442439039747,-0.154602707156384,-0.237822995837856,-0.0614307588549277,21,21,34.0124999999999,4.68025642952404,0
"no_iop","L_Pall",465,21,86,1.0012985433734,0.0145590837344675,0.909567376083192,-0.00380548354710974,-0.0684322900014705,0.0575415862430495,-0.000578233748761169,-0.0105719551846493,0.00914693073956616,-0.000596296894977379,-0.0111671626564095,0.00936085889088273,21,21,86,1.70269342964994,0.909567376083192
"no_iop","L_Hipp",465,21,86,3.31413908867585,19.7412837512432,0,-0.841873022897906,-1.14761309081712,-0.554174355147493,-0.00298812810096198,-0.0349541925907278,0.0305041561035624,-0.319315124347752,-0.438098876733706,-0.203597070418279,42.5,21,52.5,3.71036698185834,0
"no_iop","L_Amyg",465,21,86,2.21864371315586,4.58408972346559,0.0072697726891347,0.0960614138480316,-0.0131426576109761,0.198394590402135,0.0241170870089346,0.00796746568567135,0.039962988811422,0.000771067120456467,-0.0386820485602512,0.03771364029244,86,46.5,86,1.27754258994611,0.00908721586141838
"no_iop","L_Accu",465,21,86,3.02693450172124,40.0088149005246,0,-0.257942949516509,-0.330852147882453,-0.18668226789354,-0.0151011531215459,-0.0243315094262874,-0.00548227963969158,-0.0765570970547999,-0.10364963105821,-0.049231916290021,36,21,43.5,0.488005355694629,0
"no_iop","R_Thal",465,21,86,2.8576037428472,64.0932381560511,0,-1.41857412117247,-1.72475340997057,-1.10285127306365,-0.136525486647541,-0.176549016334161,-0.0951551289631344,-0.340817201248867,-0.45687553095805,-0.219506379948495,21,21,36,7.52627987368701,0
"no_iop","R_Caud",465,21,86,2.25303324344384,44.6392223583704,0,-0.621169812108501,-0.839349252583895,-0.404048590907108,-0.124451951056693,-0.153034843022446,-0.0974553852409968,-0.0522335396105369,-0.137664475309527,0.0351654961225576,21,21,21,3.44960635836382,0
"no_iop","R_Puta",465,21,86,2.40302303862067,32.452685058178,0,-0.766636043516067,-1.01572747343923,-0.51700071278311,-0.0849235384160422,-0.120520186806689,-0.0488441483908419,-0.167474709112886,-0.255135915314536,-0.0758660302753759,21,21,37.5,4.70135753720471,0
"no_iop","R_Pall",465,21,86,1.93764303898098,0.864541200987514,0.410253619639242,-0.0294225849192746,-0.129087516913532,0.0671739941539252,0.00508422951164916,-0.0105381867193005,0.0211861314850837,-0.0189427230825794,-0.0623977645160162,0.0223405556066981,47.5,21,86,1.74224125004914,0.439557449613474
"no_iop","R_Hipp",465,21,86,3.36605319111225,14.6990192589369,0,-0.92513679911763,-1.28767973175725,-0.587140993480383,-0.0200381056671807,-0.0566442506232938,0.016491673838043,-0.325764687313702,-0.462708185572316,-0.185654813567762,29,21,52.5,3.77527540413972,0
"no_iop","R_Amyg",465,21,86,2.37982092359393,2.66195590397909,0.0502417763088004,-0.0239956001045467,-0.1493000511266,0.102062718870021,0.0182007229384973,-1.66958808236102e-05,0.037081949529647,-0.0365301613710331,-0.0847589961672803,0.0131357285815715,50,38.5,86,1.23905126734198,0.0579712803563081
"no_iop","R_Accu",465,21,86,3.09483203427697,37.4390786631007,0,-0.236723851691806,-0.305176630489038,-0.172735611342859,-0.0127643800721573,-0.0210541393113638,-0.00445621213361373,-0.0719010651578433,-0.0989862052718111,-0.0478862549228975,39,21,46,0.385865832581694,0
"no_iop","BrStem",465,21,86,2.7181623194414,5.08324133920667,0.0014396315268535,-0.222738978485481,-1.38971113495422,0.973305389861381,0.262567174553221,0.0972128259778612,0.432460901455891,-0.479519599708863,-0.929664773992517,-0.0400774457007978,49.5,41.5,59.0124999999999,21.7528637144394,0.00196313390025478
"no_combat","gm",545,20,86,1.00347227559114,895.166324340573,0,-133.338678621043,-142.015463222634,-124.848844558979,-20.204493231071,-21.5367103259096,-18.9183010809597,-20.2002714218306,-21.5146471472288,-18.7966866248363,20,20,20,570.989300917431,NA
"no_combat","wm",545,20,86,3.09561781528094,47.2682860642984,0,-70.0666550115154,-88.0087526143494,-52.1519799039812,-4.22120335376715,-6.59549002911002,-1.76953335604645,-20.4545544601719,-27.0748648916933,-13.9687602956483,36,20,43,538.787390825688,NA
"no_combat","csf",545,20,86,3.38186399528069,165.419851598977,0,110.488004658359,96.3009003336396,125.154193784121,11.3769150088891,9.42779183766731,13.3336821767579,24.9924402395395,19.2223007477242,31.1932857123007,86,86,86,259.153823853211,NA
"no_combat","L_Thal",531,20,86,2.90380659247045,55.003640281256,0,-1.35621149934586,-1.67329558643005,-1.05696763897106,-0.122890137425702,-0.165614258529184,-0.0827101217531824,-0.332558057555022,-0.455827520462794,-0.217168770443781,20,20,35,7.76348499570433,0
"no_combat","L_Caud",531,20,86,2.284052530769,43.7025127979669,0,-0.568069939852702,-0.794712223496639,-0.339420417934486,-0.112964987071377,-0.138789998926034,-0.0860084239958436,-0.0446961506027677,-0.136568129225379,0.0490269558969783,20,20,20,3.32334530772693,0
"no_combat","L_Puta",531,20,86,1.99876643935558,31.3385930434283,0,-0.708611888725419,-0.930345023962147,-0.49240351230835,-0.0886579450666325,-0.128895700892217,-0.0495722272567405,-0.136146195561111,-0.218691530991577,-0.0579868758174778,20,20,35,4.71827214232768,0
"no_combat","L_Pall",531,20,86,1.00003681431393,0.498160188128088,0.480616486560637,0.0212652781404312,-0.039124591730704,0.0781694534257566,0.00322213514085906,-0.00597854495691773,0.0118592884580014,0.00322182214499807,-0.00592730046401598,0.0117460841838118,86,20,86,1.7094630156742,0.480616486560637
"no_combat","L_Hipp",531,20,86,3.29231284197483,22.2724819788267,0,-0.786154567467344,-1.04232026554539,-0.518127942931322,-0.00604357697485658,-0.0379910353079052,0.0266501819718702,-0.293069330603045,-0.396841467472429,-0.189825727659927,43,20,51.5,3.71050635156685,0
"no_combat","L_Amyg",531,20,86,2.5344777962359,5.55096489675221,0.000933336401492235,0.107226171405197,-0.00579827485870237,0.228826257297278,0.0282726745629829,0.012681499193857,0.0432286545966638,-0.00225558724874423,-0.0410436788434828,0.0382986948452871,52,45.5,86,1.29335136240113,0.00127273145658032
"no_combat","L_Accu",531,20,86,2.97066357445559,33.4972397831567,0,-0.213228293823318,-0.281362271525167,-0.150877208955767,-0.0134866058725007,-0.0221436081480585,-0.00423750533162738,-0.0612622578205056,-0.0858440683578063,-0.0379726594188735,37.5,20,45,0.4954334493371,0
"no_combat","R_Thal",531,20,86,2.88489035570243,58.8391061707277,0,-1.28697660426476,-1.57983672332994,-0.974023838494077,-0.116481991079922,-0.156627723999285,-0.0746758583291683,-0.31578793844041,-0.430491815763999,-0.199324652953702,23.5,20,37,7.53479221655367,0
"no_combat","R_Caud",531,20,86,2.35686595175508,36.5081335363416,0,-0.527819271076664,-0.777970974085744,-0.278696827326396,-0.108199570375775,-0.135995561837483,-0.0826390838367957,-0.0365465344513712,-0.132802442248479,0.0611361155624533,20,20,20,3.4472899894162,0
"no_combat","R_Puta",531,20,86,2.46849144281596,29.5437457517344,0,-0.695083206710324,-0.94193113012549,-0.460375398154193,-0.0702351884596322,-0.10600633018703,-0.0343447056095709,-0.159285558796844,-0.24415848763638,-0.072979139847278,20,20,38.5,4.72704048184557,0
"no_combat","R_Pall",531,20,86,1.842296276835,0.917377801884942,0.393555555447593,0.00188603206720739,-0.0819052988785221,0.0889617159311803,0.00787372512548884,-0.00665672948159815,0.0226055958590171,-0.0113880263210569,-0.048459741965955,0.0287620922778302,53.5,20,86,1.73853066356121,0.421666666550993
"no_combat","R_Hipp",531,20,86,3.33623229427352,17.5901729936285,0,-0.830509309025332,-1.14419609235514,-0.526878521460684,-0.0176665927222718,-0.0525481440308742,0.0167749688245919,-0.292247283898556,-0.414906607540191,-0.164012451087198,32,20,49,3.79142499112053,0
"no_combat","R_Amyg",531,20,86,2.55326859870989,4.0442784673321,0.0069370045998135,0.0196639971028671,-0.100087207502556,0.134856244720526,0.0262996073266542,0.00838800638538779,0.0435845189159988,-0.0328978585399036,-0.0784798990810404,0.0134308784415667,50.5,42,86,1.25766959211864,0.00800423607670788
"no_combat","R_Accu",531,20,86,3.06535505230101,32.5700099893215,0,-0.200012120706897,-0.262754721575794,-0.138129704612504,-0.00991884031069278,-0.0184173101137424,-0.00151829488149858,-0.0616679844092793,-0.0857755603473635,-0.0377848755687149,40,20,46,0.39748296607533,0
"no_combat","BrStem",531,20,86,2.69896375046901,5.05565349111855,0.00145581758745505,0.167453344270218,-0.948879328880985,1.286776859838,0.283291318872299,0.10703033806292,0.447379738695183,-0.371427665853454,-0.776184005351668,0.0753569510335237,49.5,42,67.5249999999999,21.5388793458041,0.00181977198431882
"no_icv","gm",545,20,86,1.00238217336189,323.280036971877,0,-146.008938911457,-162.253388201641,-131.062465251442,-22.1237946888948,-24.5964707280752,-19.8013172003692,-22.12067698303,-24.6131319765358,-19.7244875358578,20,20,20,570.938251706239,NA
"no_icv","wm",545,20,86,2.56671937753438,22.8827176112677,0,-79.6456147455638,-109.211018397394,-49.1884027294794,-6.30135288690659,-10.4948716287216,-2.19682528591426,-20.9385396915144,-32.2451481707717,-9.19269599497652,29.5,20,42,538.888350421571,NA
"no_icv","csf",545,20,86,3.19205585235194,96.2457177511081,0,104.782314184939,85.7474582418876,122.723387592698,10.315974018894,7.89478112205682,12.6346072843717,24.4301608112934,17.5568075580035,31.0277019838716,86,86,86,259.132099555561,NA
"no_icv","L_Thal",531,20,86,2.52644008774241,44.5189199500168,0,-1.45361877471518,-1.82817657635451,-1.06603829683129,-0.151595242090047,-0.208469869230681,-0.0998063410092214,-0.325860694751921,-0.455171294156057,-0.186449453923884,20,20,34.5,7.76259602096935,0
"no_icv","L_Caud",531,20,86,2.2730297657187,42.2201441762443,0,-0.632166391404737,-0.917611219143257,-0.36924008918313,-0.125645349250877,-0.158829886405074,-0.0961195788090777,-0.0498403824620114,-0.1589815486476,0.0608189873684052,20,20,20,3.32199827495993,0
"no_icv","L_Puta",531,20,86,1.81004563230107,33.4774487622647,0,-0.798068486992682,-1.05138348761886,-0.546640762270762,-0.106739445971417,-0.153547844603061,-0.0578050463835219,-0.142734885810391,-0.236001237800229,-0.0564389734728584,20,20,35,4.72331406911416,0
"no_icv","L_Pall",531,20,86,1.00010700810473,0.171919559311324,0.678684968860828,-0.0142626477783616,-0.0842716675302882,0.0514715659247557,-0.00216084591757498,-0.0127267069421434,0.00776677208405658,-0.00216125542617757,-0.0127209087635733,0.00777076814989497,20,20,86,1.7050879586187,0.678684968860828
"no_icv","L_Hipp",531,20,86,3.16698969631029,20.792200811949,0,-0.801012763898064,-1.08130670941249,-0.507554075484138,-0.0139627620710776,-0.0486354781743657,0.0222740333354229,-0.286600659851444,-0.402238067906498,-0.173001664920325,40,20,50,3.7135555645987,0
"no_icv","L_Amyg",531,20,86,2.47317025070381,3.5909060089062,0.0138063809212046,0.0886170400263047,-0.0387877827421697,0.2074693479385,0.0239761386573739,0.00778964461695362,0.0408885868978229,-0.00280289023199654,-0.0454504567226137,0.0409297199555702,50,43,86,1.29360671449568,0.0188268830743699
"no_icv","L_Accu",531,20,86,2.94766003824636,35.5317925965917,0,-0.221464800039127,-0.288006113755294,-0.156576003662871,-0.0148240243344934,-0.0237760322225812,-0.00586589976019997,-0.0623725779619821,-0.0880007675823495,-0.0388433752234534,36,20,43.5,0.496123839633074,0
"no_icv","R_Thal",531,20,86,2.62974723753683,46.6101570665428,0,-1.40147802227672,-1.7830777248327,-1.03543140972432,-0.145285221962362,-0.199070502703956,-0.0902155448812734,-0.315514282472026,-0.458721186090611,-0.17759325607774,20,20,36,7.53265932962439,0
"no_icv","R_Caud",531,20,86,2.39027292474275,35.3613087063437,0,-0.586953592079971,-0.88319383842593,-0.287260954033869,-0.122185719055878,-0.154889974345855,-0.0918491732156494,-0.0377733522524842,-0.148103208222265,0.0758191185699721,20,20,26.5,3.44595306236124,0
"no_icv","R_Puta",531,20,86,2.283040670902,29.8009724054047,0,-0.770739545375978,-1.04009772495885,-0.507955933097913,-0.0886637266629227,-0.129423774755964,-0.0466913319535317,-0.160032553355495,-0.251902664065236,-0.0663452530359752,20,20,36.5124999999999,4.73288598671624,0
"no_icv","R_Pall",531,20,86,1.42952899740864,0.583255004940184,0.641099186079941,-0.0246487688876125,-0.105092153667299,0.059174541121758,-0.000298377839267505,-0.0182362389462484,0.0173280049143817,-0.00902125289636248,-0.0471715409282003,0.030199316187281,40,20,86,1.73707091833644,0.678684968860828
"no_icv","R_Hipp",531,20,86,3.15456512024321,16.8438044622354,0,-0.837984154057683,-1.17072975111555,-0.520174368642331,-0.028743769185025,-0.0685833888266317,0.0108675761220645,-0.278080414352917,-0.419367517963365,-0.139865953649164,31,20,46,3.79304998142301,0
"no_icv","R_Amyg",531,20,86,2.49311756004394,3.25646480839437,0.0211158243485238,0.00564094909724333,-0.116176790008698,0.12287925317306,0.0227769866684578,0.00452531461806977,0.0415430527537012,-0.0328719221448415,-0.0794537568373437,0.0126724859863361,49,40.5,86,1.25751434436008,0.0263947804356548
"no_icv","R_Accu",531,20,86,3.04750518475038,34.3911396963082,0,-0.208776069524327,-0.278356067619435,-0.144599147247361,-0.0113482729564547,-0.0199181522911926,-0.00320008421575217,-0.0628396068071184,-0.0879128779780874,-0.0374857587634733,39,20,45,0.397394714975173,0
"no_icv","BrStem",531,20,86,2.48527795641741,2.79231078636658,0.0394056573117678,-0.213933025391444,-1.54204253225275,1.2058845472403,0.182934325771945,-0.0250779341168649,0.381435188556711,-0.363719357107394,-0.858792930132631,0.150946928042059,46.5,36.5,86,21.552655241259,0.0454680661289629
"include_wb2","gm",563,20,86,1.00424070248843,952.672407900742,0,-133.37149555602,-142.39519045162,-125.085324682394,-20.2102252812518,-21.6425857254192,-18.9323261712871,-20.2040747811589,-21.5971359821711,-18.9193358381718,20,20,20,569.983858349293,NA
"include_wb2","wm",563,20,86,3.16068771474582,53.5780567963509,0,-69.2089760151985,-86.9075518840445,-52.1654890898872,-4.32058416267856,-6.64711703172173,-2.05942130709864,-19.9717843709555,-26.7613563546025,-13.3330706006214,37.5,20,43.5,537.972609750465,NA
"include_wb2","csf",563,20,86,3.45875480337096,174.187690111519,0,107.157806408308,92.4433809421163,121.515118675167,11.2737380823552,9.4339028900257,13.2185833732571,23.8703284918799,18.0204628048933,29.3076613697771,86,86,86,260.395730506615,NA
"include_wb2","L_Thal",549,20,86,2.98336889766698,62.7901591546161,0,-1.40237043552198,-1.68868274534627,-1.1102680270665,-0.125681285827043,-0.166671607772383,-0.0852194154993264,-0.346017420082234,-0.457886627088625,-0.229138578923895,20,20,36,7.75059448988282,0
"include_wb2","L_Caud",549,20,86,2.34139979685018,48.4363236356815,0,-0.586768678144749,-0.818529090404643,-0.349227882696979,-0.117012190411125,-0.14258670121392,-0.0904291952141547,-0.0456615063462493,-0.137922957533798,0.0487478103549995,20,20,20,3.31429760637953,0
"include_wb2","L_Puta",549,20,86,2.15429440565062,35.0899753337511,0,-0.739646404822127,-0.97175335038197,-0.519319371089316,-0.0905532910000331,-0.132036008685205,-0.0506884622200838,-0.145166631085383,-0.222130169109122,-0.0669530781906281,20,20,35.5,4.71287849159684,0
"include_wb2","L_Pall",549,20,86,1.0005692269888,0.13711061176339,0.711555101716543,0.0106127558668783,-0.0453708734996452,0.0669018106767396,0.00160968759823588,-0.0068749038079401,0.0101167859441455,0.00160538672074414,-0.0068110290690165,0.0103780340999107,86,20,86,1.70440755166264,0.711555101716543
"include_wb2","L_Hipp",549,20,86,3.36810907537547,24.3043298330035,0,-0.805059875593173,-1.05151277992823,-0.551009289745726,-0.00254949670938576,-0.0348326006799627,0.0290381732323654,-0.305716111059858,-0.40474135219315,-0.203112433464439,44,20,52,3.71127260103462,0
"include_wb2","L_Amyg",549,20,86,2.50487758713504,6.02722703279227,0.000478720182731485,0.102444762952674,-0.00171573476040404,0.203889516619082,0.0288420455611292,0.0140871821791613,0.0434614532188363,-0.00497054588147818,-0.0410306152939345,0.0305435286907977,53,46,86,1.29556606770813,0.000652800249179297
"include_wb2","L_Accu",549,20,86,2.99778888180708,37.8082784042787,0,-0.211421427949741,-0.27466066208065,-0.147940505158848,-0.014075233878388,-0.0228459183311782,-0.005303273774079,-0.0596617278600727,-0.0828214805033966,-0.0359048639796778,37,20,44,0.493494322346787,0
"include_wb2","R_Thal",549,20,86,2.92377654002438,66.618583909336,0,-1.32392189427896,-1.6259273137775,-1.0180561097474,-0.119268944754452,-0.161238274702132,-0.0770242152866039,-0.325710044331211,-0.437852731442732,-0.206564852662956,20,20,37,7.52112518467298,0
"include_wb2","R_Caud",549,20,86,2.60164504628299,37.5816156641548,0,-0.503106968461446,-0.753728005174291,-0.253663661602479,-0.112504661598328,-0.139867145332448,-0.0850118341363515,-0.0204185854108215,-0.114053960335747,0.0703149130836492,20,20,24.0124999999999,3.44060647767406,0
"include_wb2","R_Puta",549,20,86,2.53565834876437,32.5425711937574,0,-0.684170659561461,-0.909163790162927,-0.441450886633268,-0.0747271265695519,-0.111110649804787,-0.0397242647623784,-0.14817775126279,-0.230299551736252,-0.0645747823825754,20,20,38.0124999999999,4.72433101194193,0
"include_wb2","R_Pall",549,20,86,1.94389393471411,0.977930044153197,0.372319828296769,-0.0153180562728752,-0.0958891293784694,0.0649088212283088,0.00651697625567127,-0.0086060875497748,0.0210714305353031,-0.0159176774213693,-0.0509711251161804,0.0189956758731656,49.5,20,86,1.73662380296556,0.398914101746538
"include_wb2","R_Hipp",549,20,86,3.41097783245475,18.6949620203159,0,-0.840568882610363,-1.14000134374092,-0.547136927444857,-0.0157984864290674,-0.0496309857486925,0.0197245761415065,-0.298990360343882,-0.424450239284211,-0.175779624309936,32,20,48.5,3.79041543083294,0
"include_wb2","R_Amyg",549,20,86,2.53355658214186,3.67655849237312,0.0117338550578017,0.0321894981863726,-0.0855650724732726,0.156192654849216,0.0254257210689309,0.00753588052877354,0.0437804539648503,-0.0267359177266734,-0.06961247180871,0.0158616092453173,49.5,41,86,1.25737371118556,0.0135390635282328
"include_wb2","R_Accu",549,20,86,3.07689426668994,36.0570071770859,0,-0.200365328427848,-0.259652042896755,-0.139955965654547,-0.0104162020226459,-0.018947024612806,-0.00254287983134942,-0.0610386616681785,-0.0833475616434102,-0.0389921869773244,39.5,20,45.5,0.395281850910275,0
"include_wb2","BrStem",549,20,86,2.7059302248049,5.01498433871753,0.00152484431781169,0.135298462006467,-0.953818606898848,1.25965075645758,0.278863084854539,0.115964692970553,0.446925192208205,-0.376982260542957,-0.780286848691075,0.0425781735872242,49.5,41.4875,64,21.5798641001449,0.00190605539726461
"first_pass","gm",491,20,86,1.00265511331702,772.2961465482,0,-133.178383060902,-142.288856151777,-123.83314120694,-20.1793090204741,-21.5314481608361,-18.7544212342312,-20.1773642226947,-21.622829409216,-18.7262614417081,20,20,20,573.62139857233,NA
"first_pass","wm",491,20,86,3.12394766961582,35.051154561057,0,-71.8343244252478,-92.3594095377278,-51.4846075182894,-3.698351217306,-6.11332869879899,-1.25141849213937,-21.9388152138553,-29.8664203521968,-13.8708417007851,39.5,20,46,541.444233137403,NA
"first_pass","csf",491,20,86,3.4026718311413,131.148987696961,0,110.113502565527,92.5459434922247,126.427734050964,10.8096207960739,8.85564586602668,12.9294822146752,25.7211613004738,18.8047208929613,32.0122029677892,86,86,86,256.315660960702,NA
"first_pass","L_Thal",472,21,86,2.93158376698516,43.7026577779606,0,-1.29948196236644,-1.64792069401965,-0.930820807974303,-0.134397664793044,-0.178743489091947,-0.0893098856461733,-0.298204257566758,-0.44348860529134,-0.150866002813074,21,21,33.5,7.79717235284548,0
"first_pass","L_Caud",472,21,86,2.4611458768129,36.0446532714093,0,-0.519458751704299,-0.807404762977058,-0.237602823892587,-0.121445394552625,-0.150025418978564,-0.0924122748094207,-0.0176237357496389,-0.137908565165885,0.099292764249946,21,21,21,3.34142878971469,0
"first_pass","L_Puta",472,21,86,1.58743309014471,33.3301619891873,0,-0.687244051809766,-0.905484712998951,-0.466495995095564,-0.0985854013483737,-0.140224969097903,-0.0548162897749186,-0.116446533288888,-0.194139453961684,-0.0324090903644012,21,21,36,4.74055062177516,0
"first_pass","L_Pall",472,21,86,1.0000831655294,1.27556959016864,0.259297563492494,0.03494040262364,-0.0264027409053083,0.094687761970464,0.00537542430681618,-0.00413429490684065,0.0144964188923529,0.00537547993348341,-0.00392424836040703,0.0145811754736567,86,21,86,1.70692413655548,0.277818818027673
"first_pass","L_Hipp",472,21,86,3.2858057781762,16.8863739748198,0,-0.791740385421594,-1.1199117069586,-0.472965817504376,0.00168810090652112,-0.030229006404205,0.0327128300519349,-0.307047684214241,-0.440882437549116,-0.173401730086291,44.5,21,54,3.72202774947962,0
"first_pass","L_Amyg",472,21,86,2.4966140948049,5.70274922125067,0.000810616479857695,0.141326385108173,-0.000584589898750403,0.286140625517399,0.0279315214065566,0.0121362421175709,0.042302413879152,0.012459019854847,-0.0405894620132328,0.0664317095223224,86,48,86,1.29609182588149,0.00110538610889686
"first_pass","L_Accu",472,21,86,2.84119947660099,28.8825713837156,0,-0.227118056512101,-0.297701892837841,-0.152889132774563,-0.0150568367904717,-0.0238724659993276,-0.00625221647209048,-0.0647678434727926,-0.0922988664124049,-0.0341255741746592,34,21,43.5,0.503013575182762,0
"first_pass","R_Thal",472,21,86,2.75832685614736,50.0389851002678,0,-1.26122021625758,-1.59669974603082,-0.921948786687173,-0.132096076771301,-0.17139778759465,-0.0924814120123922,-0.286940583403656,-0.415779422319863,-0.162888133621914,21,21,36.5,7.56475609999029,0
"first_pass","R_Caud",472,21,86,2.42307231536227,32.3756882044224,0,-0.501278603004669,-0.795639619604544,-0.2076627877386,-0.115199790104193,-0.145715379043037,-0.0859189335189483,-0.0199997775378144,-0.1382833759477,0.100256761319215,21,21,21,3.46316883132433,0
"first_pass","R_Puta",472,21,86,1.95178378748219,24.8465369870114,0,-0.642750921310703,-0.867663688586482,-0.417018780438431,-0.0794493142924044,-0.116794368018223,-0.0408344446278683,-0.128037921373202,-0.215983565030186,-0.0472439684712596,21,21,37,4.75716762534977,0
"first_pass","R_Pall",472,21,86,1.00055533778859,0.613350187968114,0.43373300333433,0.0242251289726303,-0.0382932831989311,0.0820536447532789,0.00372996731136071,-0.00591269070210878,0.0125092962533513,0.00372240633012444,-0.0058890437809381,0.0128906377017788,86,21,86,1.73890183935582,0.43373300333433
"first_pass","R_Hipp",472,21,86,3.1651076626612,12.9017124333511,0,-0.787912914286079,-1.15676862421436,-0.418290701845193,-0.0211853970793094,-0.0582740310030903,0.0177384546416244,-0.271265332952605,-0.430479663712541,-0.11188053166895,31,21,50,3.80205409755202,0
"first_pass","R_Amyg",472,21,86,2.30399576157152,2.7982208762167,0.0454087811067401,0.0103985923098588,-0.11582975877693,0.135050282741719,0.0202977441030217,0.00419719263484606,0.0374054560567345,-0.0264471575738176,-0.0762615677860829,0.0219024504193548,51,41.5,86,1.25980670233207,0.0523947474308539
"first_pass","R_Accu",472,21,86,3.16412476048369,28.150955323764,0,-0.210503850115232,-0.28658055448041,-0.139731797641654,-0.0114885585756531,-0.0203246239214879,-0.00239033568946524,-0.0637301814116096,-0.0931216668284858,-0.0351549044236472,43,21,47.5,0.403834359281027,0
"first_pass","BrStem",472,21,86,2.39178537727268,3.70778999667772,0.0165994549184611,0.398562696195011,-0.7754286631527,1.57076486542448,0.236472883634659,0.0674884293658761,0.416099522327577,-0.2014159807616,-0.658628434932877,0.246437215182282,50.5,41.4875,86,21.5869784425053,0.0207493186480764
