volume,full_n,full_coef,full_t,full_p,n,detection_rate,median_coef_sig,exaggeration_ratio,sign_errors_sig
gm,545,-2.025538668656343,-30.147912747132203,9.571510593164682e-118,25,0.998,-2.0275655488532394,1.0010006623069019,0.0
gm,545,-2.025538668656343,-30.147912747132203,9.571510593164682e-118,50,1.0,-2.030115180581367,1.0022594048663904,0.0
gm,545,-2.025538668656343,-30.147912747132203,9.571510593164682e-118,100,1.0,-2.0197742567809693,0.9971541338782748,0.0
gm,545,-2.025538668656343,-30.147912747132203,9.571510593164682e-118,200,1.0,-2.0294763162261815,1.0019440001964766,0.0
gm,545,-2.025538668656343,-30.147912747132203,9.571510593164682e-118,300,1.0,-2.030394059258082,1.0023970861069564,0.0
gm,545,-2.025538668656343,-30.147912747132203,9.571510593164682e-118,500,1.0,-2.025587495292325,1.0000241055067167,0.0
wm,545,-0.8596732215924074,-11.097163161660735,6.512021540459437e-26,25,0.52,-1.0947326495624483,1.2734288123278177,0.0
wm,545,-0.8596732215924074,-11.097163161660735,6.512021540459437e-26,50,0.859,-0.9113970803306266,1.0601668836937934,0.0
wm,545,-0.8596732215924074,-11.097163161660735,6.512021540459437e-26,100,0.997,-0.8530127791547333,0.9922523555807208,0.0
wm,545,-0.8596732215924074,-11.097163161660735,6.512021540459437e-26,200,1.0,-0.8663474757171947,1.0077637106253283,0.0
wm,545,-0.8596732215924074,-11.097163161660735,6.512021540459437e-26,300,1.0,-0.8590872337627653,0.9993183597965787,0.0
wm,545,-0.8596732215924074,-11.097163161660735,6.512021540459437e-26,500,1.0,-0.8588793282100253,0.9990765172597658,0.0
csf,545,1.3997292246109199,22.946572396911957,8.331965621311648e-82,25,0.967,1.4052369293315765,1.0039348358409732,0.0
csf,545,1.3997292246109199,22.946572396911957,8.331965621311648e-82,50,1.0,1.3946414187915748,0.9963651499662306,0.0
csf,545,1.3997292246109199,22.946572396911957,8.331965621311648e-82,100,1.0,1.3945385899549532,0.9962916865885904,0.0
csf,545,1.3997292246109199,22.946572396911957,8.331965621311648e-82,200,1.0,1.4039357086431465,1.003005212692759,0.0
csf,545,1.3997292246109199,22.946572396911957,8.331965621311648e-82,300,1.0,1.3943224633112217,0.9961372805506714,0.0
csf,545,1.3997292246109199,22.946572396911957,8.331965621311648e-82,500,1.0,1.400528709036212,1.0005711707744862,0.0
L_Thal,531,-0.017984817303040412,-12.952153887717733,1.722555002753897e-33,25,0.666,-0.021646530226105767,1.2036002290913639,0.0
L_Thal,531,-0.017984817303040412,-12.952153887717733,1.722555002753897e-33,50,0.95,-0.01839827446089258,1.0229892331340098,0.0
L_Thal,531,-0.017984817303040412,-12.952153887717733,1.722555002753897e-33,100,1.0,-0.018077318912475347,1.0051433166029047,0.0
L_Thal,531,-0.017984817303040412,-12.952153887717733,1.722555002753897e-33,200,1.0,-0.017993587809445044,1.0004876616902385,0.0
L_Thal,531,-0.017984817303040412,-12.952153887717733,1.722555002753897e-33,300,1.0,-0.017964554528463718,0.998873339982538,0.0
L_Thal,531,-0.017984817303040412,-12.952153887717733,1.722555002753897e-33,500,1.0,-0.017975321117180545,0.9994719887502965,0.0
L_Caud,531,-0.010269057963177352,-11.049384001618826,1.159059185996263e-25,25,0.585,-0.013376604362369295,1.3026126067585693,0.0
L_Caud,531,-0.010269057963177352,-11.049384001618826,1.159059185996263e-25,50,0.87,-0.01108788909169692,1.0797377063656395,0.0
L_Caud,531,-0.010269057963177352,-11.049384001618826,1.159059185996263e-25,100,0.998,-0.01038009524115342,1.0108128007821384,0.0
L_Caud,531,-0.010269057963177352,-11.049384001618826,1.159059185996263e-25,200,1.0,-0.010299036821450447,1.0029193386949993,0.0
L_Caud,531,-0.010269057963177352,-11.049384001618826,1.159059185996263e-25,300,1.0,-0.010317644437299607,1.0047313467599925,0.0
L_Caud,531,-0.010269057963177352,-11.049384001618826,1.159059185996263e-25,500,1.0,-0.010254273388307898,0.9985602793437851,0.0
L_Puta,531,-0.010773641429878904,-8.681912453502381,4.925581708782122e-17,25,0.397,-0.01609733515115206,1.4941406075116606,0.0
L_Puta,531,-0.010773641429878904,-8.681912453502381,4.925581708782122e-17,50,0.725,-0.012447492153642652,1.1553653641304231,0.0
L_Puta,531,-0.010773641429878904,-8.681912453502381,4.925581708782122e-17,100,0.958,-0.011029032198639054,1.0237051483866788,0.0
L_Puta,531,-0.010773641429878904,-8.681912453502381,4.925581708782122e-17,200,1.0,-0.010713685715958977,0.9944349629315071,0.0
L_Puta,531,-0.010773641429878904,-8.681912453502381,4.925581708782122e-17,300,1.0,-0.010786429527163736,1.001186980035308,0.0
L_Puta,531,-0.010773641429878904,-8.681912453502381,4.925581708782122e-17,500,1.0,-0.010754595955248959,0.9982322156576396,0.0
L_Pall,531,0.0003037771905570093,0.6767339186186839,0.4988728404520836,25,0.064,-0.0038478230884185487,-12.666596466190029,0.59375
L_Pall,531,0.0003037771905570093,0.6767339186186839,0.4988728404520836,50,0.073,0.0029903326102129826,9.843835229135786,0.4520547945205479
L_Pall,531,0.0003037771905570093,0.6767339186186839,0.4988728404520836,100,0.086,0.002422857128269628,7.975770411949132,0.27906976744186046
L_Pall,531,0.0003037771905570093,0.6767339186186839,0.4988728404520836,200,0.04,0.0016871458686819399,5.5538925275738125,0.225
L_Pall,531,0.0003037771905570093,0.6767339186186839,0.4988728404520836,300,0.032,0.0013191946169607335,4.342638808864627,0.09375
L_Pall,531,0.0003037771905570093,0.6767339186186839,0.4988728404520836,500,0.0,,,
L_Hipp,531,-0.00629982796081948,-6.130372332107144,1.7241207533152492e-09,25,0.209,-0.012880891745790587,2.04464182607854,0.009569377990430622
L_Hipp,531,-0.00629982796081948,-6.130372332107144,1.7241207533152492e-09,50,0.416,-0.009220222113885282,1.4635672864764893,0.0
L_Hipp,531,-0.00629982796081948,-6.130372332107144,1.7241207533152492e-09,100,0.715,-0.007248942839915822,1.1506572695316717,0.0
L_Hipp,531,-0.00629982796081948,-6.130372332107144,1.7241207533152492e-09,200,0.974,-0.006396821293779395,1.0153961875726045,0.0
L_Hipp,531,-0.00629982796081948,-6.130372332107144,1.7241207533152492e-09,300,0.999,-0.006370595836163555,1.0112333028432205,0.0
L_Hipp,531,-0.00629982796081948,-6.130372332107144,1.7241207533152492e-09,500,1.0,-0.006319719287454206,1.0031574396568343,0.0
L_Amyg,531,0.0015525275599708975,3.0981100506916834,0.0020518541708374775,25,0.074,0.005796010507291777,3.7332738282600437,0.08108108108108109
L_Amyg,531,0.0015525275599708975,3.0981100506916834,0.0020518541708374775,50,0.139,0.004157959808057034,2.678187437867432,0.03597122302158273
L_Amyg,531,0.0015525275599708975,3.0981100506916834,0.0020518541708374775,100,0.232,0.0028197397639017205,1.8162252552570322,0.0
L_Amyg,531,0.0015525275599708975,3.0981100506916834,0.0020518541708374775,200,0.472,0.0020436539173940334,1.3163398641582518,0.0
L_Amyg,531,0.0015525275599708975,3.0981100506916834,0.0020518541708374775,300,0.71,0.001717516337890317,1.106271078319867,0.0
L_Amyg,531,0.0015525275599708975,3.0981100506916834,0.0020518541708374775,500,1.0,0.0015597631684063293,1.0046605346159314,0.0
L_Accu,531,-0.002779384843645648,-9.446081281727697,1.150950626972908e-19,25,0.435,-0.0040783956797314025,1.4673735049882028,0.0
L_Accu,531,-0.002779384843645648,-9.446081281727697,1.150950626972908e-19,50,0.75,-0.003147219208914064,1.1323438048204715,0.0
L_Accu,531,-0.002779384843645648,-9.446081281727697,1.150950626972908e-19,100,0.97,-0.0028135710534282965,1.0122999194806745,0.0
L_Accu,531,-0.002779384843645648,-9.446081281727697,1.150950626972908e-19,200,1.0,-0.002771541870259005,0.9971781621373614,0.0
L_Accu,531,-0.002779384843645648,-9.446081281727697,1.150950626972908e-19,300,1.0,-0.0027825057520236935,1.001122877382447,0.0
L_Accu,531,-0.002779384843645648,-9.446081281727697,1.150950626972908e-19,500,1.0,-0.002779946116338164,1.0002019413374148,0.0
R_Thal,531,-0.018389921151133165,-13.302890220092644,5.274205401801913e-35,25,0.696,-0.021732890339609116,1.1817826819920847,0.0
R_Thal,531,-0.018389921151133165,-13.302890220092644,5.274205401801913e-35,50,0.97,-0.018591897760427516,1.0109830057254978,0.0
R_Thal,531,-0.018389921151133165,-13.302890220092644,5.274205401801913e-35,100,1.0,-0.018163109733365948,0.9876665366913092,0.0
R_Thal,531,-0.018389921151133165,-13.302890220092644,5.274205401801913e-35,200,1.0,-0.018325169627466345,0.9964789667593094,0.0
R_Thal,531,-0.018389921151133165,-13.302890220092644,5.274205401801913e-35,300,1.0,-0.018404415882149666,1.0007881888615715,0.0
R_Thal,531,-0.018389921151133165,-13.302890220092644,5.274205401801913e-35,500,1.0,-0.01839741819661808,1.000407671431721,0.0
R_Caud,531,-0.009841867339825658,-10.255496217809135,1.287152757125938e-22,25,0.516,-0.01347654344544809,1.3693075693994081,0.0
R_Caud,531,-0.009841867339825658,-10.255496217809135,1.287152757125938e-22,50,0.827,-0.01074543028047243,1.0918080796507443,0.0
R_Caud,531,-0.009841867339825658,-10.255496217809135,1.287152757125938e-22,100,0.991,-0.00995125946294026,1.011114976389891,0.0
R_Caud,531,-0.009841867339825658,-10.255496217809135,1.287152757125938e-22,200,1.0,-0.009812346073181535,0.9970004405033318,0.0
R_Caud,531,-0.009841867339825658,-10.255496217809135,1.287152757125938e-22,300,1.0,-0.009815912018610196,0.9973627645730976,0.0
R_Caud,531,-0.009841867339825658,-10.255496217809135,1.287152757125938e-22,500,1.0,-0.009831663735818482,0.9989632451185471,0.0
R_Puta,531,-0.010334336621533748,-9.023947583059046,3.420350686436262e-18,25,0.432,-0.015527785980154168,1.5025430802978477,0.0
R_Puta,531,-0.010334336621533748,-9.023947583059046,3.420350686436262e-18,50,0.744,-0.011774915743708751,1.1393973483671178,0.0
R_Puta,531,-0.010334336621533748,-9.023947583059046,3.420350686436262e-18,100,0.981,-0.010505449196414558,1.0165576738156819,0.0
R_Puta,531,-0.010334336621533748,-9.023947583059046,3.420350686436262e-18,200,1.0,-0.010237837867880774,0.9906623175548687,0.0
R_Puta,531,-0.010334336621533748,-9.023947583059046,3.420350686436262e-18,300,1.0,-0.010340571520615991,1.00060331875287,0.0
R_Puta,531,-0.010334336621533748,-9.023947583059046,3.420350686436262e-18,500,1.0,-0.01032271663769824,0.998875594606499,0.0
R_Pall,531,0.00019702924983651046,0.4384440586092133,0.6612447704506497,25,0.07,-0.004117728275307821,-20.89907096902922,0.6571428571428571
R_Pall,531,0.00019702924983651046,0.4384440586092133,0.6612447704506497,50,0.06,-0.002817766885280343,-14.301261805637742,0.65
R_Pall,531,0.00019702924983651046,0.4384440586092133,0.6612447704506497,100,0.052,0.002246016510702619,11.399406497087629,0.4423076923076923
R_Pall,531,0.00019702924983651046,0.4384440586092133,0.6612447704506497,200,0.041,0.0015443292760202558,7.838071135639497,0.34146341463414637
R_Pall,531,0.00019702924983651046,0.4384440586092133,0.6612447704506497,300,0.018,0.0013090950617125584,6.644166096144659,0.05555555555555555
R_Pall,531,0.00019702924983651046,0.4384440586092133,0.6612447704506497,500,0.0,,,
R_Hipp,531,-0.006668504774374209,-6.066051126879382,2.51020042151919e-09,25,0.173,-0.013704019845099703,2.055036370036299,0.011560693641618497
R_Hipp,531,-0.006668504774374209,-6.066051126879382,2.51020042151919e-09,50,0.394,-0.010138263074323937,1.5203202842837193,0.0
R_Hipp,531,-0.006668504774374209,-6.066051126879382,2.51020042151919e-09,100,0.724,-0.007499572136965569,1.124625743057873,0.0
R_Hipp,531,-0.006668504774374209,-6.066051126879382,2.51020042151919e-09,200,0.963,-0.006683418809775139,1.002236488674079,0.0
R_Hipp,531,-0.006668504774374209,-6.066051126879382,2.51020042151919e-09,300,1.0,-0.0066675299291363566,0.9998538135202963,0.0
R_Hipp,531,-0.006668504774374209,-6.066051126879382,2.51020042151919e-09,500,1.0,-0.006702123125374312,1.0050413626648798,0.0
R_Amyg,531,0.0008040939119152747,1.3813562820562995,0.16775705235726335,25,0.077,0.0062866501663046866,7.818303401067281,0.15584415584415584
R_Amyg,531,0.0008040939119152747,1.3813562820562995,0.16775705235726335,50,0.075,0.0042483074836293586,5.283347405914686,0.09333333333333334
R_Amyg,531,0.0008040939119152747,1.3813562820562995,0.16775705235726335,100,0.08,0.003137267638990991,3.9016184459329137,0.0
R_Amyg,531,0.0008040939119152747,1.3813562820562995,0.16775705235726335,200,0.1,0.0022097302099613383,2.7480996649980503,0.0
R_Amyg,531,0.0008040939119152747,1.3813562820562995,0.16775705235726335,300,0.094,0.0017031579827432378,2.118108292458624,0.0
R_Amyg,531,0.0008040939119152747,1.3813562820562995,0.16775705235726335,500,0.018,0.001200775912347133,1.4933279490787335,0.0
R_Accu,531,-0.002504650678830422,-9.010854197699986,3.793165079290394e-18,25,0.4,-0.0037220634568030956,1.4860609059228809,0.0025
R_Accu,531,-0.002504650678830422,-9.010854197699986,3.793165079290394e-18,50,0.745,-0.0028711649978884896,1.1463335075649015,0.0
R_Accu,531,-0.002504650678830422,-9.010854197699986,3.793165079290394e-18,100,0.963,-0.002538723684944304,1.0136038955060163,0.0
R_Accu,531,-0.002504650678830422,-9.010854197699986,3.793165079290394e-18,200,1.0,-0.002499481943998542,0.9979363450258486,0.0
R_Accu,531,-0.002504650678830422,-9.010854197699986,3.793165079290394e-18,300,1.0,-0.0025042411226377276,0.9998364817113395,0.0
R_Accu,531,-0.002504650678830422,-9.010854197699986,3.793165079290394e-18,500,1.0,-0.0025010985638995974,0.9985817922791199,0.0
BrStem,531,0.006624812210436537,1.2333757620694887,0.21798752370633084,25,0.045,0.04523660636269122,6.828360552081278,0.4222222222222222
BrStem,531,0.006624812210436537,1.2333757620694887,0.21798752370633084,50,0.051,0.04014088114540715,6.059172678460285,0.2549019607843137
BrStem,531,0.006624812210436537,1.2333757620694887,0.21798752370633084,100,0.072,0.028975459977680307,4.373778313600075,0.08333333333333333
BrStem,531,0.006624812210436537,1.2333757620694887,0.21798752370633084,200,0.048,0.019873741754789787,2.9998951100049704,0.0
BrStem,531,0.006624812210436537,1.2333757620694887,0.21798752370633084,300,0.061,0.015801075183338176,2.3851355602873725,0.0
BrStem,531,0.006624812210436537,1.2333757620694887,0.21798752370633084,500,0.001,0.011962653277457824,1.8057346982020421,0.0
