analysis,model,mae,r,r2,mae_corrected,r_corrected
exclude_1s,baseline,14.896,-0.0,-0.075,,
exclude_1s,gradient_boosting,15.309,0.013,-0.285,70.889,-0.295
exclude_1s,random_forest,14.776,0.048,-0.109,,
exclude_1s,ridge,14.969,-0.004,-0.115,,
first_pass,baseline,14.339,0.0,-0.026,,
first_pass,gradient_boosting,14.537,0.005,-0.126,,
first_pass,random_forest,14.41,0.002,-0.069,,
first_pass,ridge,14.365,-0.04,-0.034,,
include_wb2,baseline,14.453,-0.0,-0.017,,
include_wb2,gradient_boosting,14.763,-0.029,-0.131,,
include_wb2,random_forest,14.539,0.0,-0.056,,
include_wb2,ridge,14.476,-0.032,-0.025,,
no_combat,baseline,14.445,0.0,-0.017,,
no_combat,gradient_boosting,14.828,-0.037,-0.132,,
no_combat,random_forest,14.646,-0.044,-0.074,,
no_combat,ridge,14.49,-0.088,-0.028,,
no_iop,baseline,14.284,0.0,-0.036,,
no_iop,gradient_boosting,14.664,-0.038,-0.16,,
no_iop,random_forest,14.415,-0.014,-0.084,,
no_iop,ridge,14.324,-0.007,-0.047,,
primary,baseline,14.445,0.0,-0.017,,
primary,gradient_boosting,14.793,-0.055,-0.133,,
primary,random_forest,14.607,-0.031,-0.07,,
primary,ridge,14.489,-0.075,-0.027,,
raw_volumes,baseline,14.445,0.0,-0.017,,
raw_volumes,gradient_boosting,14.793,-0.032,-0.119,,
raw_volumes,random_forest,14.64,-0.033,-0.068,,
raw_volumes,ridge,14.454,-0.026,-0.024,,
