"structure","edf","F","p","p_fdr"
"gm",1.00104646289008,1.12729354801297,0.288855411723714,NA
"wm",1.00339626025231,0.733831175015674,0.393411546167312,NA
"csf",1.00848101226904,2.18303842445519,0.137275827881348,NA
"L_Thal",1.45174151779185,4.5382456785319,0.0299762309038784,0.151885669751902
"L_Caud",1.0001076634783,0.0614503725145759,0.804526108684457,0.805593526082541
"L_Puta",2.34090029395975,2.4628261543399,0.0853850428304017,0.320193910614006
"L_Pall",1.76584936538193,0.644380806647017,0.499384757296475,0.680979214495193
"L_Hipp",1.00026037779274,2.31532700641715,0.128654398841048,0.385963196523144
"L_Amyg",1.62741252223253,0.98742472242075,0.389638327202903,0.654103172316041
"L_Accu",1.03307319271124,0.21851701241066,0.642265850735319,0.787430941515044
"R_Thal",1.37529795869633,4.854475819014,0.0260721524012719,0.151885669751902
"R_Caud",1.00015068639879,0.0608345492343892,0.805593526082541,0.805593526082541
"R_Puta",2.0860628652273,1.41715135627989,0.218933399713145,0.46914299938531
"R_Pall",1.93271125704081,0.766596741342958,0.39525432357488,0.654103172316041
"R_Hipp",1.00078488480299,0.606853104070251,0.436068781544028,0.654103172316041
"R_Amyg",1.49509737701479,2.20249736926022,0.179606633322118,0.449016583305294
"R_Accu",1.00052716999228,4.71267958336997,0.0303771339503805,0.151885669751902
"BrStem",1.00720790425637,0.178590696352593,0.682440149313038,0.787430941515044
