code,first_whole_brain,first_subcortical,review_whole_brain,review_subcortical,note,time
3630,1,2,1,1,,"2026-10-06 00:45 (second pass, reconstructed)"
3751,0,2,0,1,,"2026-10-06 00:45 (second pass, reconstructed)"
1557,0,2,0,1,,"2026-10-06 00:45 (second pass, reconstructed)"
8908,0,2,0,1,,"2026-10-06 00:45 (second pass, reconstructed)"
8923,1,2,1,1,,"2026-10-06 00:45 (second pass, reconstructed)"
1354,2,2,2,1,,"2026-10-06 00:45 (second pass, reconstructed)"
7308,,,0,1,,"2026-10-06 00:45 (second pass, reconstructed)"
5249,,,0,0,,"2026-10-06 00:45 (second pass, reconstructed)"
3382,1,2,1,1,,"2026-10-06 00:45 (second pass, reconstructed)"
5489,,,0,0,,"2026-10-06 00:45 (second pass, reconstructed)"
4381,1,2,1,1,,"2026-10-06 00:45 (second pass, reconstructed)"
7989,,,0,0,,"2026-10-06 00:45 (second pass, reconstructed)"
4815,,,0,0,,"2026-10-06 00:45 (second pass, reconstructed)"
9802,0,2,0,1,,"2026-10-06 00:45 (second pass, reconstructed)"
3994,0,2,0,1,,"2026-10-06 00:45 (second pass, reconstructed)"
4691,1,2,1,2,,2026-10-06 13:48:14
4504,2,1,2,1,,2026-10-06 13:48:13
1235,2,2,1,2,,2026-10-06 13:48:14
8274,2,1,2,1,,2026-10-06 13:48:15
8515,2,1,2,1,,2026-10-06 13:48:15
8302,2,1,2,1,,2026-10-06 13:48:16
8759,2,1,1,1,,2026-10-06 13:48:16
3886,2,1,1,1,,2026-10-06 13:48:17
1335,2,1,1,1,,2026-10-06 13:48:17
1900,2,1,1,1,,2026-10-06 13:48:18
6652,2,1,1,1,,2026-10-06 13:48:18
8394,2,0,1,0,,2026-10-06 13:48:18
8128,2,0,2,0,,2026-10-06 13:48:19
6027,2,0,1,0,,2026-10-06 13:48:19
1251,2,2,1,2,,2026-10-06 13:48:19
4370,2,0,2,0,,2026-10-06 13:48:20
4370,2,0,2,0,,2026-10-06 13:48:20
4182,2,1,1,1,,2026-10-06 13:48:20
8471,2,0,1,0,,2026-10-06 13:48:20
2713,2,1,1,1,,2026-10-06 13:48:21
3629,2,1,1,1,,2026-10-06 13:48:21
5558,2,1,1,1,,2026-10-06 13:48:21
1354,2,2,1,1,,2026-10-06 13:48:22
1755,2,0,2,0,,2026-10-06 13:48:22
8634,2,2,1,2,,2026-10-06 13:48:22
9922,2,1,2,1,,2026-10-06 13:48:22
4051,2,0,1,0,,2026-10-06 13:48:23
9268,2,1,1,1,,2026-10-06 13:48:23
9031,2,0,2,0,,2026-10-06 13:48:23
2513,2,0,2,0,,2026-10-06 13:48:24
9296,2,0,1,0,,2026-10-06 13:48:24
4321,2,0,2,0,,2026-10-06 13:48:24
6956,2,0,1,0,,2026-10-06 13:48:24
7161,2,1,1,1,,2026-10-06 13:48:25
3329,2,0,1,0,,2026-10-06 13:48:25
2406,1,2,1,2,,2026-10-06 13:48:25
9513,2,0,1,0,,2026-10-06 13:48:25
2794,2,0,1,0,,2026-10-06 13:48:26
1240,2,0,1,0,,2026-10-06 13:48:26
6137,2,1,1,1,,2026-10-06 13:48:26
9959,2,0,1,0,,2026-10-06 13:48:27
1528,2,1,1,1,,2026-10-06 13:48:27
2924,2,0,1,0,,2026-10-06 13:48:27
5687,2,1,1,1,,2026-10-06 13:48:28
2208,2,0,1,0,,2026-10-06 13:48:28
5843,2,0,1,0,,2026-10-06 13:48:28
2495,2,0,2,0,,2026-10-06 13:48:29
4578,2,0,1,0,,2026-10-06 13:48:29
1925,2,0,1,0,,2026-10-06 13:48:29
9425,2,1,1,1,,2026-10-06 13:48:30
9490,2,1,1,1,,2026-10-06 13:48:30
3174,2,1,1,1,,2026-10-06 13:48:30
5574,2,0,1,0,,2026-10-06 13:48:31
3384,0,2,0,2,,2026-10-06 13:48:31
3888,2,1,1,1,,2026-10-06 13:48:31
6099,2,0,1,0,,2026-10-06 13:48:31
1978,2,1,1,1,,2026-10-06 13:48:32
3555,2,1,1,1,,2026-10-06 13:48:32
2736,2,1,2,1,,2026-10-06 13:48:32
1173,2,0,2,0,,2026-10-06 13:48:32
2365,2,1,1,1,,2026-10-06 13:48:33
9068,2,1,1,1,,2026-10-06 13:48:33
2080,2,0,2,0,,2026-10-06 13:48:33
1825,2,0,1,0,,2026-10-06 13:48:33
2843,2,1,1,1,,2026-10-06 13:48:34
2948,2,1,1,1,,2026-10-06 13:48:34
5930,2,0,1,0,,2026-10-06 13:48:34
8744,2,0,2,0,,2026-10-06 13:48:34
1908,2,0,1,0,,2026-10-06 13:48:35
6220,2,1,2,1,,2026-10-06 13:48:35
1459,2,0,1,0,,2026-10-06 13:48:35
7664,2,0,1,0,,2026-10-06 13:48:35
9454,2,1,1,1,,2026-10-06 13:48:35
7252,2,1,1,1,,2026-10-06 13:48:36
9503,2,1,1,1,,2026-10-06 13:48:36
9503,2,1,1,1,,2026-10-06 13:48:36
