code,sheet,whole_brain_rating,subcortical_rating,note
1902,1,0,1,
2093,1,0,1,
2707,1,0,1,
3114,1,0,1,
8643,1,0,1,
4658,1,1,1,
5273,2,1,1,
1161,2,1,1,
3690,2,0,1,
3473,2,1,1,
1220,2,0,0,
1011,2,0,1,
9685,3,0,1,
1140,3,0,0,
4503,3,1,0,
9521,3,1,1,
4691,3,1,2,
3827,3,0,1,
4006,4,1,1,blurry
3630,4,1,2,
7569,4,1,1,
3154,4,0,0,
3751,4,0,2,
8956,4,0,0,
7152,5,0,1,
9431,5,0,1,
2299,5,0,1,
5334,5,1,1,
2193,5,0,0,
1982,5,1,0,
1085,6,0,1,
7033,6,1,1,
4796,6,0,0,
7501,6,0,0,
4504,6,2,1,
8467,6,0,0,
5666,7,0,1,
1204,7,0,1,
2448,7,0,0,
6656,7,1,1,
8153,7,0,0,
7835,7,1,1,
1235,8,2,2,
8116,8,0,1,
5267,8,0,0,
9343,8,1,0,
8848,8,0,1,
7611,8,1,0,
8041,9,1,0,
8595,9,0,0,
3966,9,0,1,
1931,9,1,0,
3684,9,1,0,
7544,9,0,0,
7480,10,0,1,
3799,10,0,1,
3724,10,0,1,
2198,10,0,0,
2214,10,1,0,
4080,10,0,0,
4777,11,1,1,
8274,11,2,1,
4033,11,0,1,
6809,11,0,0,
5635,11,1,0,
4243,11,0,0,
9903,12,1,1,
4753,12,0,1,
4913,12,1,1,
2693,12,1,1,
1215,12,0,1,
6539,12,0,1,
2141,13,1,0,
4473,13,0,0,
5340,13,1,0,
4766,13,1,1,
1699,13,1,0,
7060,13,0,0,
1382,14,1,1,
2596,14,1,0,
8515,14,2,1,
8302,14,2,1,
9634,14,1,0,
8437,14,0,0,
4294,15,0,0,
4752,15,1,0,
6484,15,0,1,
7260,15,1,1,
8724,15,1,1,
8759,15,2,1,
6760,16,1,1,
3886,16,2,1,
1335,16,2,1,
6556,16,1,1,
7339,16,0,1,
1716,16,1,0,
4546,17,1,1,
1900,17,2,1,
7693,17,0,0,
4718,17,0,0,
3588,17,0,1,
2090,17,1,1,
1557,18,0,2,
6652,18,2,1,
8908,18,0,2,
3954,18,1,0,
6311,18,1,1,
6914,18,1,1,
8394,19,2,0,
8049,19,1,1,
9691,19,0,1,
6198,19,0,1,
8923,19,1,2,
8691,19,0,0,
8128,20,2,0,
6027,20,2,0,
1418,20,1,1,
6713,20,1,1,
1942,20,0,1,
6161,20,0,0,
3890,21,0,1,
4910,21,0,0,
1742,21,1,1,
4108,21,1,0,
3309,21,0,1,
4356,21,1,0,
4263,22,0,0,
8318,22,0,0,
6457,22,0,0,
9785,22,1,1,
1409,22,0,0,
7733,22,0,1,
5275,23,1,0,
9551,23,0,1,
7066,23,0,1,
5502,23,1,1,
1251,23,2,2,
1523,23,1,1,
3794,24,0,0,
8931,24,1,0,
9737,24,0,0,
4370,24,2,0,
2129,24,0,1,
8720,24,0,0,
7008,25,0,0,
5773,25,0,0,
2417,25,0,0,
9420,25,2,0,
1203,25,0,0,
4819,25,1,0,
4182,26,2,1,
8471,26,2,0,
3565,26,0,0,
1464,26,0,1,
4959,26,1,1,
7316,26,0,0,
2713,27,2,1,
4977,27,1,1,
5817,27,1,0,
7249,27,0,0,
4732,27,1,0,
5384,27,1,1,
5081,28,1,0,
3629,28,2,1,
7528,28,0,0,
6426,28,0,1,
5558,28,2,1,
1547,28,0,0,
5068,29,1,0,
7267,29,0,0,
1023,29,0,0,
4444,29,1,1,
2586,29,1,0,
9786,29,1,1,
5262,30,0,0,
3750,30,0,0,
3885,30,1,0,
8335,30,1,1,
1354,30,2,2,
6637,30,1,1,
1145,31,1,1,
1755,31,2,0,
1482,31,1,1,
7917,31,0,0,
9508,31,1,0,
8634,31,2,2,
1759,32,0,0,
3145,32,0,1,
6725,32,0,0,
9922,32,2,1,
3127,32,1,1,
4051,32,2,0,
5226,33,1,0,
1185,33,1,1,
4388,33,1,0,
4158,33,1,0,
7735,33,0,0,
3326,33,1,1,
9268,34,2,1,
9031,34,2,0,
4908,34,0,1,
1025,34,0,1,
2513,34,2,0,
6510,34,1,0,
5396,35,0,0,
9296,35,2,0,
9868,35,0,0,
4321,35,2,0,
2827,35,0,1,
2807,35,0,0,
2283,36,1,0,
5109,36,1,0,
6956,36,2,0,
4882,36,1,0,
3678,36,0,0,
3815,36,1,1,
6420,37,0,0,
4329,37,0,0,
9195,37,1,1,
7161,37,2,1,
6478,37,1,1,
3865,37,1,1,
9739,38,1,0,
3329,38,2,0,
2406,38,1,2,
9911,38,1,1,
7204,38,1,0,
4180,38,1,1,
8771,39,0,1,
7308,39,,,
5249,39,,,
5894,39,0,0,
2976,39,1,1,
3923,39,0,1,
8926,40,0,1,
7769,40,1,0,
1308,40,0,0,
6712,40,0,0,
9513,40,2,0,
9449,40,1,0,
9376,41,0,1,
9791,41,0,1,
5067,41,1,1,
3382,41,1,2,
5277,41,1,0,
6346,41,1,1,
6041,42,0,1,
2794,42,2,0,
5543,42,0,0,
7034,42,1,0,
8838,42,1,1,
5624,42,0,0,
4185,43,0,0,
5071,43,0,1,
3308,43,0,0,
5858,43,0,0,
3756,43,0,0,
1273,43,0,1,
4934,44,0,1,
1784,44,1,1,
6338,44,1,0,
8246,44,0,1,
1062,44,1,1,
1477,44,0,1,
3408,45,0,0,
3904,45,0,0,
1240,45,2,0,
3989,45,0,1,
3667,45,0,1,
6602,45,1,0,
4036,46,0,1,
6137,46,2,1,
3253,46,0,0,
7062,46,1,1,
9954,46,0,0,
2460,46,1,0,
9959,47,2,0,
8207,47,1,1,
1528,47,2,1,
2924,47,2,0,
4143,47,1,0,
2911,47,0,0,
3823,48,0,0,
6326,48,0,1,
8825,48,1,0,
5870,48,1,1,
7849,48,1,1,
2331,48,0,0,
1827,49,1,1,
5687,49,2,1,
2864,49,1,0,
2208,49,2,0,
2117,49,0,0,
7150,49,1,0,
3898,50,0,1,
4593,50,1,1,
1859,50,0,1,
5843,50,2,0,
1226,50,1,0,
3949,50,1,0,
4170,51,0,1,
6467,51,0,0,
3216,51,1,0,
5009,51,1,0,
2564,51,1,0,
3594,51,1,1,
8582,52,0,1,
2495,52,2,0,
8280,52,1,0,
8851,52,1,1,
4094,52,1,0,
8466,52,1,0,
9491,53,0,1,
4578,53,2,0,
1925,53,2,0,
8983,53,0,1,
9425,53,2,1,
7692,53,0,1,
9490,54,2,1,
2323,54,1,1,
4981,54,0,0,
4235,54,0,1,
8447,54,0,0,
5701,54,1,1,
3029,55,1,0,
3633,55,1,0,
4230,55,1,1,
1387,55,1,1,
8485,55,1,1,
2949,55,0,0,
1428,56,0,1,
9356,56,0,1,
6170,56,1,1,
3174,56,2,1,
5489,56,,,
5490,56,1,0,
9931,57,0,0,
4381,57,1,2,
7984,57,0,1,
5574,57,2,0,
3384,57,0,2,
1210,57,1,0,
2740,58,1,1,
2054,58,1,0,
3888,58,2,1,
7275,58,1,1,
5730,58,1,0,
6099,58,2,0,
2892,59,0,1,
8701,59,0,1,
1978,59,2,1,
9156,59,0,1,
5447,59,0,0,
8388,59,0,0,
5900,60,1,1,
1650,60,0,0,
1156,60,0,1,
9173,60,1,0,
2761,60,0,1,
3016,60,0,1,
4639,61,0,1,
2872,61,1,0,
8123,61,0,0,
2622,61,0,0,
9518,61,1,1,
2209,61,0,1,
3061,62,0,0,
8572,62,0,1,
8439,62,1,0,
6423,62,0,0,
3693,62,0,1,
7452,62,0,0,
3153,63,0,1,
5978,63,0,0,
5125,63,0,0,
3657,63,0,1,
4118,63,0,1,
1248,63,0,0,
3555,64,2,1,
6371,64,0,0,
3314,64,1,1,
5313,64,0,0,
2736,64,2,1,
9292,64,0,0,
5667,65,0,1,
3240,65,0,1,
6940,65,0,0,
9671,65,0,0,
2378,65,0,0,
5103,65,0,1,
3664,66,0,0,
5142,66,0,0,
1173,66,2,0,
2056,66,0,0,
9262,66,0,0,
9295,66,0,0,
8984,67,0,0,
1745,67,0,0,
4113,67,0,1,
3628,67,1,0,
6008,67,0,0,
1026,67,0,1,
2365,68,2,1,
9200,68,1,0,
7989,68,,,
9987,68,0,1,
2935,68,1,0,
4834,68,0,1,
7197,69,0,1,
7995,69,0,1,
2231,69,0,0,
7482,69,1,0,
9068,69,2,1,
2168,69,0,1,
3625,70,1,0,
2078,70,0,0,
4068,70,0,1,
3426,70,1,0,
3737,70,0,0,
6332,70,0,1,
6785,71,1,0,
2288,71,0,0,
3956,71,0,0,
8782,71,1,0,
4020,71,0,1,
2398,71,0,1,
9047,72,0,0,
2694,72,0,1,
2080,72,2,0,
3863,72,0,0,
4314,72,1,0,
4305,72,0,0,
9469,73,1,0,
9222,73,0,0,
5111,73,1,1,
7505,73,1,1,
7895,73,1,1,
1230,73,1,0,
5920,74,1,1,
8879,74,0,0,
1375,74,0,0,
4256,74,0,1,
4368,74,0,1,
8254,74,0,0,
5166,75,1,0,
2391,75,0,0,
3907,75,0,1,
3673,75,1,0,
8645,75,1,1,
3570,75,0,1,
5929,76,0,0,
1491,76,1,0,
5747,76,0,0,
6274,76,0,0,
2033,76,1,0,
8638,76,0,0,
9780,77,1,0,
6623,77,0,0,
5611,77,0,0,
2213,77,1,0,
6891,77,0,1,
1019,77,0,0,
7112,78,0,0,
4213,78,1,0,
1766,78,0,1,
6869,78,1,1,
6362,78,0,1,
9874,78,1,0,
4815,79,,,
2304,79,0,0,
7470,79,0,0,
1825,79,2,0,
6010,79,0,1,
9240,79,1,0,
3694,80,1,0,
2843,80,2,1,
9157,80,0,0,
2948,80,2,1,
2765,80,0,1,
9329,80,0,0,
8054,81,1,0,
8275,81,1,1,
6297,81,1,0,
3391,81,0,1,
9370,81,0,0,
8780,81,0,0,
7080,82,1,0,
7017,82,0,1,
7881,82,0,0,
4528,82,1,0,
5930,82,2,0,
8235,82,0,1,
4637,83,1,1,
7577,83,0,1,
8744,83,2,0,
5703,83,1,0,
1908,83,2,0,
1266,83,0,1,
2506,84,0,0,
5488,84,0,1,
7269,84,1,1,
4737,84,0,0,
5458,84,0,1,
3282,84,0,1,
3598,85,0,0,
4571,85,0,0,
5694,85,1,0,
5351,85,1,1,
5127,85,0,0,
1670,85,0,0,
8200,86,0,1,
6541,86,0,0,
5169,86,0,0,
9258,86,0,1,
4386,86,0,1,
6220,86,2,1,
6559,87,0,1,
4986,87,0,0,
2863,87,0,0,
5260,87,0,1,
4919,87,0,1,
9802,87,0,2,
7830,88,0,1,
9958,88,0,1,
8524,88,0,1,
7971,88,0,1,
9778,88,0,0,
6804,88,1,1,
5641,89,0,1,
3651,89,0,1,
7484,89,1,0,
3229,89,0,0,
9750,89,1,1,
5120,89,0,0,
6111,90,0,0,
9665,90,0,0,
1459,90,2,0,
6128,90,0,1,
3488,90,0,0,
3138,90,1,0,
4714,91,0,0,
7000,91,0,1,
7664,91,2,0,
2158,91,0,1,
6392,91,0,1,
5200,91,0,0,
5689,92,0,1,
5135,92,0,1,
2438,92,0,0,
8333,92,0,0,
3068,92,1,1,
6162,92,0,1,
9854,93,1,1,
9454,93,2,1,
5091,93,1,1,
3994,93,0,2,
7252,93,2,1,
5879,93,1,0,
9503,94,2,1,
7657,94,0,0,
4723,94,0,0,
5043,94,0,0,
4655,94,1,1,
