subject,site,sex,cnr,age,pred,pred_corrected,gap,gap_corrected
IXI002-Guys-0828,Guys,female,3.3086,35.8,38.23357127571096,33.37418455945065,2.4335712757109604,-2.42581544054935
IXI012-HH-1211,HH,male,2.0868,38.8,51.50429466147227,53.1758591874261,12.704294661472275,14.375859187426101
IXI013-HH-1212,HH,male,2.0271,46.7,49.180627086071816,49.675079263457924,2.480627086071813,2.9750792634579213
IXI014-HH-1236,HH,female,2.5531,34.2,35.386770850274374,28.996912012083804,1.186770850274371,-5.203087987916199
IXI015-HH-1258,HH,male,2.2627,24.3,45.94628060208024,44.93343273471494,21.646280602080243,20.63343273471494
IXI016-Guys-0697,Guys,male,2.9335,55.2,56.809267098022374,61.2586802387235,1.6092670980223716,6.058680238723497
IXI017-Guys-0698,Guys,female,3.0652,29.1,33.617760602764186,26.37247293051696,4.517760602764184,-2.727527069483042
IXI019-Guys-0702,Guys,male,2.948,58.7,60.017332171876376,66.08649530564571,1.317332171876373,7.38649530564571
IXI020-Guys-0700,Guys,male,2.8425,39.5,46.01281000750455,45.00457190214778,6.512810007504548,5.504571902147781
IXI021-Guys-0703,Guys,female,3.0909,21.6,36.36379774519054,30.518988131588863,14.763797745190537,8.918988131588861
IXI022-Guys-0701,Guys,male,2.9139,30.7,60.08716300446527,65.95249481842066,29.38716300446527,35.25249481842066
IXI023-Guys-0699,Guys,female,3.2597,33.1,29.8943999458988,20.652347941740416,-3.2056000541012004,-12.447652058259585
IXI024-Guys-0705,Guys,female,3.1761,37.7,39.72633670583173,35.59720657121452,2.0263367058317243,-2.102793428785482
IXI025-Guys-0852,Guys,female,3.3277,29.8,50.08509151321931,51.01735720984366,20.28509151321931,21.21735720984366
IXI026-Guys-0696,Guys,female,3.2583,34.5,36.91394041991949,31.343365702600703,2.4139404199194914,-3.1566342973992967
IXI027-Guys-0710,Guys,male,3.073,30.4,45.84261412970674,44.795670093649235,15.44261412970674,14.395670093649237
IXI028-Guys-1038,Guys,male,2.8446,74.0,69.73836968703415,81.02530948011001,-4.261630312965849,7.02530948011001
IXI029-Guys-0829,Guys,female,3.0122,59.2,39.991000465201594,36.021552024962276,-19.20899953479841,-23.178447975037727
IXI030-Guys-0708,Guys,male,3.3049,31.5,26.425083947491554,15.72506306032209,-5.074916052508446,-15.77493693967791
IXI031-Guys-0797,Guys,male,3.0088,31.1,45.81663650050757,44.72244085955809,14.716636500507569,13.62244085955809
IXI033-HH-1259,HH,male,2.1241,24.8,39.81847249755319,35.83030225967673,15.018472497553187,11.030302259676727
IXI034-HH-1260,HH,female,2.1864,24.3,29.160438673251235,19.822516350941733,4.860438673251235,-4.477483649058268
IXI035-IOP-0873,IOP,female,1.6719,37.1,43.11222517290497,40.68673776946371,6.012225172904969,3.58673776946371
IXI036-Guys-0736,Guys,male,3.2552,23.5,31.286325599206283,22.773266110618827,7.7863255992062825,-0.7267338893811726
IXI037-Guys-0704,Guys,female,2.9965,37.2,49.84361991017097,50.74327558852725,12.643619910170969,13.543275588527244
IXI038-Guys-0729,Guys,male,3.2771,21.4,28.56932727995889,18.690987397501495,7.1693272799588925,-2.709012602498504
IXI039-HH-1261,HH,male,2.0364,23.3,40.340415850538896,36.535721751480956,17.040415850538896,13.235721751480956
IXI040-Guys-0724,Guys,female,3.0739,44.1,48.68388753204026,48.97843982150395,4.583887532040258,4.878439821503946
IXI042-Guys-0725,Guys,female,3.2136,27.8,29.434624911436043,19.973862594792287,1.6346249114360418,-7.826137405207714
IXI043-Guys-0714,Guys,female,3.344,22.6,27.08719931791391,16.38439506996992,4.487199317913909,-6.215604930030082
IXI044-Guys-0712,Guys,female,3.2559,44.9,65.59093574445993,74.1534674862748,20.690935744459928,29.253467486274808
IXI045-Guys-0713,Guys,female,3.0673,40.0,28.476225581067194,18.615240700828277,-11.523774418932806,-21.384759299171723
IXI046-Guys-0824,Guys,female,3.3695,37.7,33.549118615348945,26.29083252452594,-4.150881384651058,-11.409167475474064
IXI048-HH-1326,HH,male,2.2568,50.7,57.77392909090395,62.65882444613569,7.073929090903945,11.958824446135687
IXI049-HH-1358,HH,male,2.1319,31.9,42.878173415926746,40.25856833597818,10.978173415926747,8.358568335978184
IXI050-Guys-0711,Guys,male,3.0708,63.2,44.30071910272735,42.558078590339996,-18.899280897272654,-20.641921409660007
IXI051-HH-1328,HH,female,2.4105,25.7,35.048627488359884,28.696457489666265,9.348627488359885,2.996457489666266
IXI052-HH-1343,HH,female,2.2754,33.8,33.72100085769351,26.37409055005877,-0.07899914230648619,-7.425909449941226
IXI053-Guys-0727,Guys,male,2.8913,53.3,57.97036777807102,63.46702322469123,4.670367778071025,10.167023224691235
IXI054-Guys-0707,Guys,female,3.2518,41.8,31.869496634680445,23.769088645040632,-9.930503365319552,-18.030911354959365
IXI055-Guys-0730,Guys,female,3.1165,49.4,49.8255003621685,50.586246125359565,0.4255003621684992,1.1862461253595669
IXI058-Guys-0726,Guys,male,2.9753,29.3,40.41622937873559,36.642683216513014,11.116229378735593,7.342683216513013
IXI059-HH-1284,HH,male,2.4456,34.1,34.0627007456633,27.102805059117458,-0.03729925433670189,-6.997194940882544
IXI060-Guys-0709,Guys,male,3.2823,30.7,27.559515650756474,17.13864738243733,-3.1404843492435255,-13.561352617562669
IXI061-Guys-0715,Guys,female,3.0471,59.0,40.84862079323497,37.33582320294056,-18.15137920676503,-21.66417679705944
IXI062-Guys-0740,Guys,male,2.9335,36.2,50.86906929862764,52.22104311545375,14.66906929862764,16.02104311545375
IXI063-Guys-0742,Guys,male,3.0701,41.1,33.018474360107234,25.75986388158075,-8.081525639892767,-15.340136118419252
IXI064-Guys-0743,Guys,male,3.26,20.1,32.03375596948363,23.85901953308995,11.933755969483627,3.7590195330899476
IXI065-Guys-0744,Guys,female,3.4204,23.7,28.375063071251326,17.75653729138981,4.675063071251326,-5.943462708610188
IXI066-Guys-0731,Guys,female,3.3094,46.2,40.79912851483884,37.30187054432629,-5.4008714851611614,-8.898129455673711
IXI067-HH-1356,HH,male,2.3195,24.7,28.55881155825684,18.876363386684382,3.858811558256839,-5.823636613315617
IXI068-Guys-0756,Guys,female,3.4317,24.6,34.20118391666369,27.15548360414873,9.601183916663686,2.55548360414873
IXI069-Guys-0769,Guys,female,3.1863,26.3,38.75418080071087,34.124216496892174,12.45418080071087,7.8242164968921735
IXI070-Guys-0767,Guys,female,3.2487,20.7,27.776464806582815,17.623707486579793,7.076464806582816,-3.0762925134202064
IXI071-Guys-0770,Guys,female,3.3021,37.0,28.93823115263221,19.295998247462684,-8.06176884736779,-17.704001752537316
IXI072-HH-2324,HH,male,2.0917,68.6,69.219021698308,79.89915272519586,0.6190216983080035,11.299152725195867
IXI073-Guys-0755,Guys,female,3.218,46.4,53.01470335859847,55.44924644852374,6.614703358598469,9.04924644852374
IXI074-Guys-0771,Guys,female,3.383,22.5,30.106393236311675,21.15001476083439,7.606393236311675,-1.3499852391656084
IXI075-Guys-0754,Guys,female,3.2931,36.0,31.86372811006667,23.850476484928482,-4.1362718899333295,-12.149523515071518
IXI076-Guys-0753,Guys,male,3.0272,55.8,45.00186973998568,43.6270091531167,-10.798130260014318,-12.172990846883295
IXI077-Guys-0752,Guys,female,3.1344,36.5,30.409183277627726,21.658469258454893,-6.090816722372274,-14.841530741545107
IXI078-Guys-0751,Guys,female,3.3402,28.5,38.987211530084686,34.190925513232926,10.487211530084686,5.690925513232926
IXI079-HH-1388,HH,female,2.4251,52.5,33.80849978884921,26.783944553051498,-18.69150021115079,-25.716055446948502
IXI080-HH-1341,HH,female,2.6625,21.2,28.548918978298104,18.259653840022516,7.348918978298105,-2.9403461599774836
IXI083-HH-1357,HH,male,2.2591,30.9,46.51755141561391,45.85835566429359,15.61755141561391,14.958355664293592
IXI084-Guys-0741,Guys,female,3.1508,38.2,46.19061349713458,45.361125160134364,7.990613497134575,7.161125160134361
IXI085-Guys-0759,Guys,female,3.2669,31.8,35.15672788596022,28.641707378203954,3.356727885960222,-3.158292621796047
IXI086-Guys-0728,Guys,male,3.1354,30.1,32.09075283484232,24.22509765762964,1.9907528348423185,-5.874902342370362
IXI087-Guys-0768,Guys,female,3.5824,25.7,27.83484877758254,18.025123522798157,2.1348487775825404,-7.674876477201842
IXI089-Guys-0757,Guys,female,3.1589,49.4,51.6594871189483,53.6406209342123,2.2594871189483,4.240620934212302
IXI090-Guys-0800,Guys,male,3.2057,41.8,54.21289840616099,57.107674013288786,12.412898406160991,15.30767401328879
IXI091-Guys-0762,Guys,male,3.114,28.6,29.4357852073063,19.85045659583092,0.8357852073062979,-8.749543404169081
IXI092-HH-1436,HH,male,2.2968,33.2,29.26340376338042,19.88084748308833,-3.9365962366195824,-13.319152516911672
IXI093-HH-1359,HH,male,2.3613,26.9,57.72932341770691,62.56029635096337,30.82932341770691,35.66029635096337
IXI095-HH-1390,HH,female,2.2949,24.9,30.853244926844905,22.331853429494043,5.953244926844906,-2.568146570505956
IXI096-HH-1391,HH,male,2.2282,26.9,53.557678514880664,56.15284756596013,26.657678514880665,29.25284756596013
IXI097-HH-1619,HH,female,2.2096,35.0,30.672675041523952,22.00078043126544,-4.327324958476048,-12.99921956873456
IXI098-Guys-0745,Guys,male,3.1847,29.7,30.631373797517078,21.90861905617085,0.9313737975170788,-7.79138094382915
IXI099-Guys-0748,Guys,male,2.9129,51.8,45.369576209405224,43.94763234296498,-6.430423790594773,-7.852367657035018
IXI100-Guys-0747,Guys,female,3.2909,41.5,37.56089109622751,32.33209384720499,-3.9391089037724925,-9.167906152795013
IXI101-Guys-0749,Guys,male,2.99,45.8,47.411217936614186,47.21019501619825,1.6112179366141888,1.4101950161982515
IXI102-HH-1416,HH,female,2.1971,24.6,34.5963805432146,27.81961426792438,9.996380543214599,3.2196142679243778
IXI103-Guys-0750,Guys,male,3.2397,31.8,44.72321713241924,43.08304471206172,12.923217132419236,11.28304471206172
IXI104-HH-1450,HH,male,2.6799,27.0,35.582705561868764,29.32812207680941,8.582705561868764,2.328122076809411
IXI105-HH-1471,HH,male,2.3066,38.9,35.8918955470192,29.857020734311323,-3.0081044529807954,-9.042979265688675
IXI106-Guys-0760,Guys,male,3.1171,36.7,44.26329805670822,42.39586525154266,7.56329805670822,5.695865251542656
IXI107-Guys-0761,Guys,female,3.5318,31.9,54.0149193535054,57.00622227341971,22.1149193535054,25.10622227341971
IXI108-Guys-0865,Guys,male,3.0641,43.2,51.51886193363252,53.35216740846566,8.318861933632519,10.152167408465658
IXI109-Guys-0732,Guys,female,3.1832,36.5,28.991488168025647,19.365278766044476,-7.508511831974353,-17.134721233955524
IXI110-Guys-0733,Guys,male,3.1527,37.8,36.263525004993575,30.362735072939095,-1.5364749950064223,-7.437264927060902
IXI111-Guys-0734,Guys,male,3.3124,25.2,26.13148182010005,15.02190825556286,0.9314818201000499,-10.17809174443714
IXI112-Guys-0735,Guys,male,3.3415,23.7,33.56776835476476,26.204915668234623,9.86776835476476,2.5049156682346236
IXI113-Guys-0776,Guys,female,3.2975,32.4,34.75347677355209,27.984090534637723,2.3534767735520887,-4.415909465362276
IXI114-Guys-0737,Guys,female,2.8969,65.4,55.58622254150945,59.26268238142741,-9.813777458490556,-6.137317618572595
IXI115-Guys-0738,Guys,male,2.9952,72.1,56.383539520413606,60.63963611623067,-15.716460479586388,-11.460363883769325
IXI116-Guys-0739,Guys,male,3.2289,23.8,29.595491055060638,20.25556216904625,5.795491055060637,-3.5444378309537505
IXI118-Guys-0764,Guys,female,3.403,25.9,33.46879607598898,26.12846291710489,7.568796075988985,0.22846291710489197
IXI119-Guys-0765,Guys,female,3.4923,32.2,25.218252834844513,13.84715050811312,-6.98174716515549,-18.352849491886882
IXI120-Guys-0766,Guys,female,3.0817,53.7,41.21267053371379,37.883635191664425,-12.487329466286212,-15.816364808335578
IXI121-Guys-0772,Guys,male,3.0645,35.1,50.6527497224519,52.05341414151242,15.5527497224519,16.953414141512418
IXI122-Guys-0773,Guys,female,3.3704,23.0,27.66163776595322,16.62503351637805,4.66163776595322,-6.37496648362195
IXI123-Guys-0774,Guys,female,3.1058,46.6,38.40606390774918,33.17376258862697,-8.193936092250823,-13.42623741137303
IXI126-HH-1437,HH,male,2.1962,57.2,45.50005188794463,44.433089619780255,-11.699948112055374,-12.766910380219748
IXI127-HH-1451,HH,female,2.4221,29.5,29.115592919977054,19.50541835897776,-0.384407080022946,-9.99458164102224
IXI128-HH-1470,HH,female,2.5609,27.3,31.074679938540136,22.56092604302768,3.7746799385401353,-4.7390739569723195
IXI129-Guys-0775,Guys,male,3.0577,23.0,32.9990802851437,25.551105524402793,9.999080285143698,2.551105524402793
IXI130-HH-1528,HH,male,2.1444,38.8,42.99419886238805,40.393203291600024,4.194198862388056,1.5932032916000267
IXI132-HH-1415,HH,male,2.0879,58.7,51.904519168807305,54.047720498729745,-6.795480831192698,-4.652279501270257
IXI134-Guys-0780,Guys,male,3.0929,47.4,41.583254714761495,38.29934702358266,-5.816745285238504,-9.100652976417337
IXI135-Guys-0779,Guys,male,3.2332,29.0,29.886511332737246,20.571442627583487,0.8865113327372462,-8.428557372416513
IXI136-HH-1452,HH,male,2.1255,35.8,38.71176426546363,33.99910005582687,2.9117642654636313,-1.8008999441731248
IXI137-HH-1472,HH,male,2.3734,41.2,35.13684443608586,28.22357784718224,-6.063155563914144,-12.976422152817761
IXI138-Guys-0746,Guys,female,3.2194,33.1,29.585577809698623,20.349885485520815,-3.514422190301378,-12.750114514479186
IXI139-Guys-0815,Guys,male,3.0324,32.9,33.79354791469567,26.783109709576888,0.8935479146956737,-6.116890290423111
IXI140-Guys-0787,Guys,female,3.4859,27.8,30.527986819207335,21.6028304064966,2.7279868192073344,-6.1971695935034
IXI141-Guys-0789,Guys,female,3.0968,46.0,56.753947473082484,61.421435844803135,10.753947473082484,15.421435844803135
IXI142-Guys-0786,Guys,female,3.0717,48.3,43.24622943049353,40.832294920414434,-5.053770569506469,-7.4677050795855635
IXI143-Guys-0785,Guys,female,3.5012,32.0,33.47397131265535,26.080735916179112,1.473971312655351,-5.919264083820888
IXI144-Guys-0788,Guys,female,3.287,29.4,31.77348744303713,23.55188188265307,2.3734874430371313,-5.848118117346928
IXI145-Guys-0781,Guys,male,2.927,49.4,61.84427340271443,68.71871419511822,12.44427340271443,19.318714195118226
IXI146-HH-1389,HH,male,2.1382,33.6,31.823776859786825,23.578646202818806,-1.776223140213176,-10.021353797181195
IXI148-HH-1453,HH,female,2.0929,40.6,55.06053779196753,58.54177565827954,14.460537791967532,17.94177565827954
IXI150-HH-1550,HH,female,2.6304,27.0,32.63743657092935,25.000160231399082,5.637436570929353,-1.9998397686009177
IXI151-Guys-0793,Guys,male,2.8869,45.4,60.85358188130981,67.1598379661782,15.453581881309809,21.759837966178203
IXI153-Guys-0782,Guys,male,3.1249,22.4,30.929967608774213,22.460133336356613,8.529967608774214,0.06013333635661411
IXI154-Guys-0821,Guys,female,3.2392,24.3,29.93498577001545,20.347181300882447,5.634985770015451,-3.952818699117554
IXI156-Guys-0837,Guys,female,2.8707,59.4,52.51646078389592,54.94453037619108,-6.883539216104076,-4.455469623808916
IXI157-Guys-0816,Guys,female,3.0251,54.4,46.57298176312821,45.973990569221506,-7.827018236871787,-8.426009430778493
IXI158-Guys-0783,Guys,female,2.8547,75.6,74.33997623470556,88.40430977638418,-1.2600237652944344,12.804309776384187
IXI159-HH-1549,HH,female,2.2656,24.1,34.537895562279424,27.779530082981942,10.437895562279422,3.679530082981941
IXI160-HH-1637,HH,female,2.539,39.4,38.19884113821171,33.27506373641656,-1.2011588617882865,-6.124936263583436
IXI161-HH-2533,HH,female,2.4659,65.1,64.49041763267172,73.2985484545117,-0.6095823673282723,8.198548454511709
IXI162-HH-1548,HH,male,2.366,50.5,32.02578769474847,23.981228640786448,-18.474212305251527,-26.518771359213552
IXI163-HH-1621,HH,male,2.1777,48.1,40.40727152147731,36.30973716221067,-7.692728478522689,-11.790262837789328
IXI165-HH-1589,HH,male,2.1936,24.4,27.232092540983395,16.137255076127236,2.832092540983396,-8.262744923872763
IXI166-Guys-0846,Guys,female,3.2892,41.2,36.36407147932785,30.620212890134447,-4.835928520672155,-10.579787109865556
IXI167-HH-1569,HH,female,2.2313,67.5,69.47854369167621,80.51755798794349,1.978543691676208,13.01755798794349
IXI168-HH-1607,HH,male,2.1337,43.8,42.30982761937808,39.5462858125093,-1.4901723806219138,-4.253714187490694
IXI169-Guys-0842,Guys,female,3.063,58.8,53.58414298789901,56.3951577792789,-5.21585701210099,-2.4048422207211004
IXI170-Guys-0843,Guys,female,3.4987,31.6,32.00266822225633,23.97612427060174,0.4026682222563309,-7.623875729398261
IXI172-Guys-0982,Guys,male,2.8356,75.0,68.98746117711894,79.90888274915552,-6.012538822881055,4.908882749155524
IXI173-HH-1590,HH,female,2.2861,29.6,29.833853502854204,20.574946453064022,0.2338535028542026,-9.025053546935979
IXI174-HH-1571,HH,female,2.5125,63.1,58.968661298122775,65.13506463922161,-4.131338701877226,2.035064639221609
IXI175-HH-1570,HH,male,1.9649,72.3,76.5339706582434,91.3232383160363,4.233970658243408,19.0232383160363
IXI176-HH-1604,HH,male,2.0884,24.9,41.8569392796236,38.6680653065126,16.956939279623604,13.768065306512604
IXI177-Guys-0831,Guys,male,2.9962,34.3,45.81644133305492,44.719773546245406,11.516441333054921,10.419773546245409
IXI178-Guys-0778,Guys,male,3.1673,25.4,39.95984923660446,35.8810877476325,14.559849236604464,10.4810877476325
IXI179-Guys-0777,Guys,male,3.117,30.1,33.007617852829725,25.297401400794786,2.9076178528297234,-4.802598599205215
IXI180-HH-1605,HH,female,2.3024,42.2,44.011108369253726,41.956573630413715,1.8111083692537235,-0.24342636958628816
IXI181-Guys-0790,Guys,male,2.8222,45.7,46.08383722708119,44.971207523454225,0.3838372270811874,-0.7287924765457774
IXI183-Guys-0791,Guys,male,3.2372,30.2,46.98979780024327,46.52997415992547,16.789797800243267,16.329974159925474
IXI184-Guys-0794,Guys,male,3.222,30.1,28.839601575235047,19.295130121463803,-1.2603984247649542,-10.804869878536199
IXI185-Guys-0795,Guys,male,2.8371,83.5,73.6128053607748,86.8403413668339,-9.8871946392252,3.340341366833897
IXI186-Guys-0796,Guys,female,2.9152,61.2,53.914817432396376,56.884987521038774,-7.285182567603627,-4.315012478961229
IXI188-Guys-0798,Guys,female,3.0986,44.0,44.89259357342547,43.44218213797704,0.8925935734254722,-0.5578178620229579
IXI189-Guys-0799,Guys,female,2.972,41.7,34.437265086599574,27.533771370377195,-7.262734913400429,-14.166228629622807
IXI191-Guys-0801,Guys,male,3.039,44.2,54.89340541530623,58.57431586157658,10.69340541530623,14.374315861576576
IXI192-Guys-0878,Guys,male,3.3696,38.9,47.99036725568235,47.92846193872437,9.090367255682352,9.02846193872437
IXI193-Guys-0810,Guys,female,3.1751,55.2,41.29085659485709,38.044737023282835,-13.909143405142913,-17.155262976717168
IXI194-Guys-0818,Guys,female,3.0638,48.3,50.278509577220106,51.51206980723223,1.978509577220109,3.2120698072322327
IXI195-HH-1620,HH,male,2.2252,37.8,28.992588293637322,19.36985656848127,-8.807411706362675,-18.430143431518726
IXI196-Guys-0805,Guys,female,3.3527,29.1,34.30920069314946,27.622946649237896,5.209200693149455,-1.4770533507621053
IXI197-Guys-0811,Guys,female,3.1034,60.5,45.59602726385242,44.45962336224356,-14.90397273614758,-16.040376637756438
IXI198-Guys-0803,Guys,male,2.8346,45.3,44.05291708646759,41.96108557139665,-1.2470829135324095,-3.3389144286033456
IXI199-Guys-0802,Guys,male,2.8973,63.7,65.52328813440431,74.6856166723133,1.823288134404308,10.985616672313299
IXI200-Guys-0812,Guys,female,3.1414,49.9,39.16301501691405,34.708113947151986,-10.736984983085947,-15.191886052848012
IXI201-HH-1588,HH,female,2.5142,22.4,28.513798880797975,19.11036283696368,6.113798880797976,-3.2896371630363177
IXI202-HH-1526,HH,male,2.2984,20.2,34.68512600483051,27.783268132838135,14.485126004830509,7.5832681328381355
IXI204-HH-1651,HH,female,2.4917,74.6,68.26130891636066,78.8104080436542,-6.338691083639333,4.210408043654212
IXI205-HH-1649,HH,male,2.1445,45.4,51.07095697511573,52.784898329258205,5.670956975115729,7.384898329258206
IXI206-HH-1650,HH,female,2.5338,50.0,34.04820579438306,27.134842053877776,-15.951794205616942,-22.865157946122224
IXI207-Guys-0809,Guys,female,3.0108,40.4,53.6799543336551,56.515402351242585,13.279954333655098,16.115402351242587
IXI208-Guys-0808,Guys,male,3.2094,34.0,44.16320684664179,42.21488043742433,10.163206846641792,8.214880437424327
IXI209-Guys-0804,Guys,male,3.1708,32.6,50.35573372671562,51.48461534806213,17.75573372671562,18.884615348062127
IXI210-Guys-0856,Guys,male,2.7771,69.3,69.58421667929335,80.63180672671817,0.28421667929335115,11.33180672671817
IXI211-HH-1568,HH,male,2.3285,55.1,53.46637550856631,56.118653409129834,-1.633624491433693,1.0186534091298327
IXI212-HH-1643,HH,male,2.0194,59.1,59.22313512621592,64.83855447013812,0.12313512621592082,5.738554470138119
IXI213-HH-1642,HH,female,2.4443,54.7,42.31128018392102,39.55619766222233,-12.388719816078982,-15.143802337777672
IXI214-HH-1636,HH,female,2.4089,24.3,29.5710870669452,20.04503391409333,5.271087066945199,-4.25496608590667
IXI216-HH-1635,HH,male,2.3166,73.0,68.29902370929676,78.79713739406891,-4.700976290703238,5.797137394068912
IXI217-HH-1638,HH,female,2.3574,57.2,48.06719188276951,48.08500182439421,-9.132808117230496,-9.114998175605791
IXI218-HH-1815,HH,female,2.3158,35.4,37.0831332388266,31.464117647446567,1.6831332388265992,-3.935882352553431
IXI219-Guys-0894,Guys,female,3.2012,53.1,47.31047662225889,46.96635192441001,-5.789523377741112,-6.1336480755899885
IXI221-HH-1606,HH,male,2.2833,48.5,46.31132277202359,45.544237640466164,-2.188677227976413,-2.9557623595338356
IXI222-Guys-0819,Guys,female,3.2785,36.1,48.295188216018296,48.49904678696423,12.195188216018295,12.399046786964227
IXI223-Guys-0830,Guys,male,2.8959,63.2,55.53648579010062,59.34148128347114,-7.6635142098993825,-3.858518716528863
IXI224-Guys-0823,Guys,female,3.2583,36.9,45.51982307042168,44.34569722929164,8.619823070421681,7.445697229291639
IXI225-Guys-0832,Guys,female,3.076,47.0,44.45780260948776,42.8403504742847,-2.542197390512243,-4.159649525715302
IXI226-HH-1618,HH,female,2.334,41.9,49.63845782555995,50.4826644453893,7.738457825559948,8.582664445389298
IXI227-Guys-0813,Guys,female,3.1039,67.1,59.94529138942013,66.23470985959824,-7.154708610579867,-0.8652901404017541
IXI229-Guys-0980,Guys,female,2.7267,72.4,63.15676701293175,71.28486918061617,-9.243232987068254,-1.115130819383836
IXI230-IOP-0869,IOP,female,1.9108,21.2,40.58528622640574,36.93287241918222,19.385286226405743,15.732872419182218
IXI231-IOP-0866,IOP,female,1.7705,59.0,65.31593379071423,74.05685549652658,6.315933790714226,15.05685549652658
IXI233-IOP-0875,IOP,female,1.9415,26.8,29.448249109809876,20.080804431848,2.648249109809875,-6.719195568151999
IXI234-IOP-0870,IOP,male,1.73,33.1,33.67596525929272,26.43555750024698,0.5759652592927154,-6.664442499753022
IXI236-Guys-0817,Guys,male,3.3009,25.7,32.59671735049453,24.681050069775925,6.89671735049453,-1.0189499302240748
IXI237-Guys-1049,Guys,female,2.8474,78.2,70.97568797884978,82.49572795428742,-7.224312021150226,4.295727954287415
IXI238-IOP-0883,IOP,female,1.8353,27.7,42.559621489681604,39.651705433240124,14.859621489681604,11.951705433240125
IXI239-HH-2296,HH,female,2.203,63.0,63.99976400826739,72.12234544026155,0.9997640082673911,9.122345440261554
IXI240-Guys-0834,Guys,male,3.0339,39.0,47.58607026539078,47.27572368688816,8.58607026539078,8.275723686888163
IXI241-Guys-0833,Guys,male,3.0657,30.0,33.582748459723405,26.006643765413042,3.5827484597234047,-3.993356234586958
IXI242-HH-1722,HH,male,2.461,31.4,42.67285799220032,40.04114570537109,11.272857992200322,8.641145705371095
IXI244-Guys-0841,Guys,female,3.0983,49.0,41.288732764960784,38.06339720589574,-7.711267235039216,-10.93660279410426
IXI246-Guys-0840,Guys,female,3.0686,42.2,35.53561210510308,29.395352739908247,-6.664387894896926,-12.804647260091755
IXI247-Guys-0838,Guys,male,3.2545,29.8,47.65766162097047,47.48342511043745,17.85766162097047,17.68342511043745
IXI248-HH-1972,HH,female,2.2546,44.9,48.632542776883994,48.990845336564874,3.732542776883996,4.090845336564875
IXI249-Guys-1072,Guys,male,3.0639,68.3,68.37878698518283,78.74077898978956,0.07878698518283045,10.440778989789564
IXI250-Guys-0836,Guys,female,2.7513,72.9,71.41361469232294,83.02100862936929,-1.4863853076770681,10.121008629369285
IXI251-Guys-1055,Guys,female,3.0103,80.2,63.56133861411617,71.99189159849259,-16.638661385883836,-8.208108401507417
IXI252-HH-1693,HH,female,2.156,70.6,61.45266463491159,68.26667732762762,-9.147335365088402,-2.3333226723723755
IXI253-HH-1694,HH,female,2.3524,24.0,27.334193039637807,16.642071985094372,3.3341930396378068,-7.357928014905628
IXI254-HH-1705,HH,female,2.4055,25.6,27.20451165891282,16.707732136464493,1.6045116589128199,-8.892267863535508
IXI255-HH-1882,HH,female,2.7165,57.7,48.62042119835846,48.990983881495374,-9.079578801641546,-8.709016118504628
IXI256-HH-1723,HH,male,2.2707,27.4,32.951273399454294,25.44187266100413,5.5512733994542955,-1.9581273389958689
IXI257-HH-1724,HH,male,2.2421,69.5,74.11098037402026,88.05710266079936,4.610980374020258,18.55710266079936
IXI258-HH-1769,HH,female,2.644,22.6,27.061931041077695,16.47655871202253,4.461931041077694,-6.123441287977471
IXI259-HH-1804,HH,female,2.7915,59.8,46.40113749824908,45.67643785931277,-13.39886250175092,-14.123562140687227
IXI260-HH-1805,HH,male,2.1094,60.9,56.158461848324876,60.339624807778605,-4.7415381516751225,-0.5603751922213931
IXI261-HH-1704,HH,male,2.2808,34.2,57.664144735942884,62.61170546525043,23.46414473594288,28.411705465250428
IXI262-HH-1861,HH,female,2.6131,20.9,28.798210529252305,19.25622851419605,7.898210529252307,-1.6437714858039492
IXI263-HH-1684,HH,female,2.2132,25.2,43.928639431431705,41.77007162391634,18.728639431431706,16.570071623916338
IXI264-Guys-0854,Guys,female,3.1225,44.9,40.43759016728399,36.66523699447393,-4.4624098327160056,-8.23476300552607
IXI265-Guys-0845,Guys,female,3.2469,27.4,33.296877388570614,25.966010270247306,5.896877388570616,-1.4339897297526925
IXI266-Guys-0853,Guys,female,2.8908,61.1,47.71438768292625,47.622470861076806,-13.38561231707375,-13.477529138923195
IXI267-HH-1772,HH,male,2.2556,35.4,45.087169180196796,43.591754792094505,9.687169180196797,8.191754792094507
IXI268-Guys-0858,Guys,female,3.1117,44.9,40.27637091499285,36.42111199563449,-4.6236290850071455,-8.478888004365508
IXI269-Guys-0839,Guys,female,3.1704,26.6,25.144781647457574,13.603884494323784,-1.4552183525424276,-12.996115505676217
IXI270-Guys-0847,Guys,female,2.6163,61.0,57.29030050320451,62.010937273649745,-3.709699496795487,1.0109372736497448
IXI274-HH-2294,HH,female,2.5274,73.5,70.68323496767223,81.85267712794347,-2.8167650323277655,8.352677127943466
IXI275-HH-1803,HH,male,2.4768,24.2,29.14169445793714,19.422904505005658,4.9416944579371425,-4.777095494994342
IXI276-HH-1840,HH,male,2.4477,20.9,36.57613191183544,30.87497444111285,15.67613191183544,9.974974441112852
IXI277-HH-1770,HH,female,2.3383,61.3,53.41223106140103,56.15403140047822,-7.887768938598967,-5.14596859952178
IXI278-HH-1771,HH,male,2.6818,20.2,30.85871934294069,22.123861733001707,10.658719342940692,1.9238617330017078
IXI279-Guys-1044,Guys,male,3.0048,51.9,51.783541217428954,53.89276512717548,-0.11645878257104414,1.9927651271754812
IXI280-HH-1860,HH,female,2.5278,42.5,38.024127769406974,32.624667022822074,-4.475872230593026,-9.875332977177926
IXI282-HH-2025,HH,male,2.3719,40.0,47.798159531873935,47.75458067126647,7.798159531873935,7.754580671266467
IXI284-HH-2354,HH,female,2.3684,63.0,55.84617746430011,59.85028094121071,-7.153822535699888,-3.1497190587892874
IXI285-Guys-0857,Guys,male,3.1194,40.8,44.776874181609294,43.071815203788695,3.976874181609297,2.271815203788698
IXI286-Guys-0859,Guys,male,2.8262,54.3,52.948082414596946,55.572434494763044,-1.3519175854030507,1.272434494763047
IXI287-Guys-0863,Guys,female,3.3168,45.0,58.81596810782211,64.3686881332634,13.815968107822108,19.368688133263404
IXI290-IOP-0874,IOP,female,1.7453,45.8,47.298341914358694,47.054602591620004,1.4983419143586971,1.2546025916200065
IXI291-IOP-0882,IOP,female,1.911,30.7,44.273321087364636,42.426179372442846,13.573321087364636,11.726179372442846
IXI293-IOP-0876,IOP,female,1.7481,26.5,27.59195648312987,17.121249746283926,1.09195648312987,-9.378750253716074
IXI294-IOP-0868,IOP,female,2.008,27.1,32.43605274539389,24.695845284589865,5.336052745393886,-2.4041547154101366
IXI295-HH-1814,HH,female,2.2282,50.9,39.98193204610807,36.08213449216354,-10.918067953891928,-14.817865507836459
IXI296-HH-1970,HH,female,2.2952,64.0,56.05543527185748,60.2035008811396,-7.944564728142517,-3.796499118860403
IXI297-Guys-0886,Guys,male,2.7682,51.3,53.25683081559739,56.0482035719235,1.9568308155973924,4.748203571923504
IXI298-Guys-0861,Guys,female,3.2448,43.5,49.1767311379493,49.69706487446938,5.676731137949297,6.197064874469383
IXI299-Guys-0893,Guys,female,3.1739,53.4,61.02711027365952,67.62177810895653,7.627110273659518,14.221778108956535
IXI300-Guys-0880,Guys,male,3.0175,38.3,41.64591517482745,38.47238043207954,3.3459151748274536,0.17238043207954235
IXI302-HH-1883,HH,male,2.4352,59.5,40.46995779564234,36.81579499002059,-19.030042204357663,-22.684205009979408
IXI303-IOP-0968,IOP,male,1.6263,25.5,37.59604386079722,32.19740293846767,12.096043860797216,6.697402938467668
IXI304-Guys-0862,Guys,female,3.1054,46.6,35.796842558552456,29.72280696377252,-10.803157441447546,-16.87719303622748
IXI305-IOP-0871,IOP,female,1.6335,62.5,63.34109378636672,71.07710448476733,0.84109378636672,8.577104484767332
IXI306-IOP-0867,IOP,female,1.7923,30.2,29.10702458800631,19.468560132821025,-1.092975411993688,-10.731439867178974
IXI307-IOP-0872,IOP,male,2.1677,33.0,42.764619966125494,40.08492006093004,9.764619966125494,7.084920060930038
IXI308-Guys-0884,Guys,male,3.1263,41.2,37.897585735977245,32.89143817241964,-3.302414264022758,-8.308561827580363
IXI309-IOP-0897,IOP,male,1.8102,33.9,40.45697916656444,36.64124732064786,6.556979166564439,2.741247320647858
IXI310-IOP-0890,IOP,female,1.8012,62.0,54.98644044040526,58.63555010686216,-7.013559559594739,-3.364449893137838
IXI312-Guys-0887,Guys,female,3.144,59.1,54.273709398103634,57.646025238627054,-4.826290601896368,-1.4539747613729475
IXI313-HH-2241,HH,male,2.0509,65.9,59.679365186380814,65.80243436866485,-6.220634813619192,-0.09756563133515783
IXI314-IOP-0889,IOP,male,1.7652,45.9,40.784071312267805,37.18952764981881,-5.115928687732193,-8.710472350181192
IXI315-IOP-0888,IOP,female,1.785,25.5,30.753364549346706,22.190524582415634,5.253364549346706,-3.309475417584366
IXI316-HH-1862,HH,male,2.2791,56.9,44.31406218030507,42.53827577651643,-12.585937819694927,-14.36172422348357
IXI317-Guys-0896,Guys,male,2.8518,67.8,66.1487804564193,75.44136382626914,-1.6512195435806944,7.641363826269142
IXI318-Guys-0895,Guys,female,2.9961,54.5,58.17526146152865,63.3641400837246,3.675261461528649,8.8641400837246
IXI319-Guys-0901,Guys,male,2.8421,59.5,65.02502881184877,73.92838180178974,5.52502881184877,14.42838180178974
IXI320-Guys-0902,Guys,female,3.2306,29.7,30.36288195121356,21.340774849304978,0.66288195121356,-8.359225150695021
IXI321-Guys-0903,Guys,female,3.0301,54.7,57.418952657795444,62.34520531946974,2.718952657795441,7.6452053194697385
IXI322-IOP-0891,IOP,female,1.9145,28.5,30.47894335420371,21.649319325212954,1.978943354203711,-6.850680674787046
IXI324-Guys-0922,Guys,male,2.8894,60.1,66.34381249720235,75.55108206655821,6.243812497202349,15.451082066558207
IXI326-Guys-0907,Guys,female,2.615,67.7,70.24003403167464,81.39012466291483,2.5400340316746366,13.690124662914826
IXI328-HH-2295,HH,female,2.6434,61.8,68.83271460308424,79.01579582889823,7.032714603084244,17.215795828898237
IXI329-HH-1908,HH,male,2.4375,55.7,57.81654350585317,63.05226870547385,2.1165435058531656,7.352268705473847
IXI330-Guys-0881,Guys,male,3.1161,44.5,41.986439268899005,39.02727153708519,-2.513560731100995,-5.472728462914809
IXI331-IOP-0892,IOP,male,1.588,23.5,40.80151207111918,37.24664511480674,17.301512071119177,13.74664511480674
IXI332-IOP-1134,IOP,female,1.6962,42.4,51.38103081171723,53.037142121449754,8.981030811717233,10.637142121449756
IXI335-HH-1906,HH,male,2.3569,69.3,68.68685519339506,79.36541251650102,-0.6131448066049359,10.065412516501027
IXI336-Guys-0904,Guys,male,2.7747,67.8,68.36647166620406,78.66033911453954,0.5664716662040661,10.860339114539542
IXI338-HH-1971,HH,female,2.4358,61.5,45.83758746929182,44.842277131524654,-15.662412530708181,-16.657722868475346
IXI342-Guys-0909,Guys,male,2.9378,48.7,46.951607298004134,46.54195165092465,-1.7483927019958685,-2.158048349075351
IXI344-Guys-0905,Guys,male,2.9836,62.1,55.76675340778017,59.67475432892623,-6.3332465922198296,-2.4252456710737746
IXI348-Guys-0910,Guys,female,3.0988,38.6,42.08698477827271,39.23187865381036,3.4869847782727064,0.6318786538103609
IXI350-Guys-0908,Guys,male,2.9072,62.7,63.67892552837485,72.01347350281563,0.9789255283748446,9.313473502815626
IXI351-Guys-0914,Guys,female,3.195,56.9,41.71345381810827,38.629938794684264,-15.186546181891728,-18.270061205315734
IXI353-HH-1996,HH,female,2.5675,52.7,53.43545282098819,56.10587115288255,0.7354528209881863,3.405871152882547
IXI354-HH-2024,HH,male,2.2861,45.6,44.97377552844988,43.32859906568261,-0.626224471550124,-2.2714009343173913
IXI356-HH-2049,HH,female,2.4541,64.1,45.2005736224302,43.77601001466688,-18.899426377569796,-20.323989985333114
IXI357-HH-2076,HH,female,2.3286,63.5,50.81178411825647,52.17703756814281,-12.688215881743531,-11.322962431857192
IXI358-Guys-0919,Guys,female,2.9583,62.1,56.34976737650961,60.65709429935292,-5.75023262349039,-1.4429057006470813
IXI359-Guys-0918,Guys,female,2.9954,62.1,50.392616111779226,51.44834713363838,-11.707383888220775,-10.651652866361623
IXI360-Guys-0912,Guys,female,3.0832,54.2,39.58545374774378,35.36637686809267,-14.614546252256226,-18.83362313190733
IXI361-Guys-0913,Guys,female,2.9347,54.2,42.44025778643952,39.76899158386318,-11.759742213560486,-14.43100841613682
IXI362-HH-2051,HH,female,2.4057,41.1,30.09729227549684,20.969507340903274,-11.00270772450316,-20.130492659096728
IXI363-HH-2050,HH,female,2.4029,60.9,63.13217749843361,71.44663396424713,2.2321774984336145,10.546633964247128
IXI364-Guys-0920,Guys,female,3.0691,67.2,59.619014842742686,65.6888983478785,-7.580985157257317,-1.5111016521214964
IXI367-Guys-0917,Guys,female,3.0039,54.2,45.87155710495932,44.815919425462695,-8.32844289504068,-9.384080574537307
IXI368-Guys-0916,Guys,female,3.0329,54.2,45.9403151495354,44.911443479012036,-8.259684850464602,-9.288556520987967
IXI369-Guys-0924,Guys,female,2.8627,60.6,51.7061991670689,53.611016289480496,-8.893800832931099,-6.988983710519506
IXI370-Guys-0921,Guys,female,2.8367,60.6,63.017295937622464,70.50285412590587,2.4172959376224625,9.902854125905868
IXI371-IOP-0970,IOP,female,1.8203,26.4,44.926225180013205,43.39595902110339,18.526225180013206,16.99595902110339
IXI372-IOP-0971,IOP,male,1.6086,29.3,38.12382798229247,33.215332805101085,8.823827982292467,3.915332805101084
IXI373-IOP-0967,IOP,female,1.7643,58.8,46.28322837999948,45.434077996933546,-12.516771620000519,-13.365922003066451
IXI375-Guys-0925,Guys,female,3.3683,41.1,39.798873189414344,35.49003627021894,-1.3011268105856573,-5.6099637297810645
IXI376-Guys-0938,Guys,female,3.019,72.6,67.43549056818051,77.49740146534054,-5.164509431819482,4.89740146534055
IXI377-Guys-0937,Guys,female,2.9243,72.6,59.988493008303195,66.19602858973599,-12.6115069916968,-6.403971410264006
IXI378-IOP-0972,IOP,female,1.9225,38.8,46.63777209650714,46.05079423187878,7.837772096507145,7.2507942318787855
IXI379-Guys-0943,Guys,female,2.9872,66.9,64.67454187094724,73.05403076620112,-2.225458129052768,6.154030766201117
IXI380-Guys-0944,Guys,female,3.023,66.9,61.01706375954497,67.70437284744344,-5.882936240455038,0.8043728474434317
IXI381-Guys-1024,Guys,female,2.9075,59.7,64.21568567847928,72.48406862530946,4.515685678479272,12.784068625309459
IXI382-IOP-1135,IOP,female,2.0929,65.9,43.93735507446744,41.95035442699444,-21.962644925532565,-23.94964557300557
IXI384-HH-2100,HH,female,2.3073,74.0,69.22160694129212,79.77032232486484,-4.778393058707877,5.770322324864836
IXI385-HH-2078,HH,female,2.2524,64.6,69.27057674243893,80.0804240871194,4.670576742438939,15.480424087119403
IXI386-HH-2077,HH,female,2.359,52.3,42.79495987547423,40.23504464893828,-9.50504012452577,-12.06495535106172
IXI387-HH-2101,HH,female,2.4532,46.4,48.18410220669049,48.320553708347106,1.7841022066904912,1.9205537083471071
IXI388-IOP-0973,IOP,male,1.7822,33.3,58.72280441622045,63.984554980010515,25.42280441622045,30.684554980010518
IXI389-Guys-0930,Guys,female,3.0615,58.4,59.63413414880473,65.71476332996494,1.2341341488047348,7.31476332996494
IXI390-Guys-0931,Guys,female,3.0573,41.9,52.50393439224865,55.004422461047696,10.603934392248654,13.104422461047697
IXI391-Guys-0934,Guys,male,2.8316,52.5,58.23907826911651,63.469088966962296,5.739078269116511,10.969088966962296
IXI392-Guys-1064,Guys,female,3.0052,62.5,58.45958360624441,63.86728803486832,-4.040416393755592,1.3672880348683165
IXI393-Guys-0941,Guys,female,3.0063,60.1,60.873052252347975,67.2964316146232,0.7730522523479735,7.196431614623201
IXI394-Guys-0940,Guys,male,2.9776,53.7,60.35684134804825,66.78040362489031,6.656841348048246,13.080403624890309
IXI395-IOP-0969,IOP,male,2.0175,45.0,45.85495568498551,44.71760845779042,0.8549556849855122,-0.28239154220958085
IXI396-HH-2115,HH,female,2.1554,53.6,41.49019583285933,38.41743053936863,-12.109804167140673,-15.18256946063137
IXI397-Guys-0953,Guys,female,3.051,51.7,56.61042421828931,60.761854738172005,4.910424218289307,9.061854738172002
IXI398-Guys-0952,Guys,female,2.9773,51.7,50.989683321209554,52.60793488897665,-0.7103166787904485,0.9079348889766479
IXI399-Guys-0966,Guys,female,2.6281,73.5,60.0483699083052,66.1852418622639,-13.451630091694803,-7.314758137736106
IXI400-Guys-0977,Guys,female,2.8936,55.6,54.85416103141125,58.564118182984224,-0.7458389685887497,2.9641181829842225
IXI401-Guys-0978,Guys,female,2.933,55.6,51.03682001672504,52.587303901084155,-4.5631799832749635,-3.012696098915846
IXI402-Guys-0961,Guys,female,3.2952,53.5,32.96087752059316,24.923425365842967,-20.539122479406842,-28.576574634157033
IXI403-Guys-0965,Guys,female,3.218,53.5,30.276921971538382,21.192694197275934,-23.223078028461618,-32.307305802724066
IXI404-Guys-0950,Guys,male,2.6945,62.7,73.45669767383859,86.09048116944777,10.756697673838588,23.390481169447767
IXI405-Guys-0948,Guys,female,3.1525,58.6,64.00895146775508,71.98083286181833,5.408951467755081,13.380832861818327
IXI406-Guys-0963,Guys,female,3.217,58.3,55.00311125404552,58.80821264305057,-3.296888745954476,0.5082126430505696
IXI408-Guys-0962,Guys,female,3.1683,52.1,51.410497382011975,53.230408289936065,-0.6895026179880261,1.1304082899360637
IXI409-Guys-0960,Guys,female,2.7076,71.0,70.48264454423227,81.74383971932102,-0.5173554557677278,10.743839719321016
IXI410-Guys-0958,Guys,female,2.9408,53.4,44.61267583344202,42.90314165550701,-8.78732416655798,-10.496858344492992
IXI411-Guys-0959,Guys,female,3.0606,53.4,42.91458335298586,40.40227362534252,-10.48541664701414,-12.997726374657482
IXI412-Guys-0949,Guys,female,3.0916,58.6,63.05869041619884,70.57835635120918,4.458690416198841,11.978356351209179
IXI413-Guys-0955,Guys,female,2.8873,59.8,59.33615538018255,64.85101493764486,-0.4638446198174506,5.051014937644865
IXI414-Guys-0957,Guys,female,2.9571,59.7,53.89412601674856,56.73608565820924,-5.805873983251445,-2.963914341790762
IXI415-Guys-0942,Guys,female,2.7455,72.3,68.22775525667912,78.54902268483904,-4.07224474332088,6.249022684839048
IXI416-Guys-1051,Guys,female,2.8484,72.1,69.40063247432734,80.09719729159772,-2.699367525672656,7.997197291597729
IXI417-Guys-0939,Guys,male,2.9385,59.9,63.63515076758296,71.71028873932504,3.735150767582958,11.810288739325038
IXI418-Guys-0956,Guys,female,2.9692,59.7,50.06695681235304,51.263068123776705,-9.633043187646962,-8.436931876223298
IXI419-Guys-1027,Guys,female,2.8119,73.2,61.020759053097755,67.70084232410954,-12.179240946902247,-5.499157675890459
IXI420-Guys-1028,Guys,female,3.0955,73.2,58.767001320097165,64.36759880690526,-14.432998679902838,-8.83240119309474
IXI422-Guys-1071,Guys,male,2.9512,37.1,44.10557420371253,42.03380061445496,7.005574203712527,4.9338006144549595
IXI423-IOP-0974,IOP,male,1.7207,39.0,35.73886835375065,29.654024739254822,-3.2611316462493534,-9.345975260745178
IXI424-IOP-0991,IOP,male,1.7151,46.3,37.512547525170625,32.21510866397368,-8.787452474829372,-14.084891336026317
IXI425-IOP-0988,IOP,female,1.8553,20.0,33.40714408754151,26.119899704218476,13.40714408754151,6.119899704218476
IXI426-IOP-1011,IOP,female,1.7241,23.1,35.89083349262395,29.976153008520317,12.790833492623946,6.8761530085203155
IXI427-IOP-1012,IOP,male,1.9503,34.3,46.1180495049289,45.08306036291704,11.8180495049289,10.783060362917041
IXI428-Guys-0996,Guys,female,3.1437,55.5,44.89028528151413,43.394005137318814,-10.609714718485868,-12.105994862681186
IXI429-Guys-0997,Guys,female,2.985,55.5,49.33345205697103,49.984102834971004,-6.1665479430289665,-5.515897165028996
IXI430-IOP-0990,IOP,female,1.7882,72.0,47.48847171455732,47.29256911087747,-24.51152828544268,-24.707430889122527
IXI431-Guys-0986,Guys,female,3.1167,58.8,48.67968683441089,49.10292044601565,-10.12031316558911,-9.697079553984345
IXI432-Guys-0987,Guys,male,2.6455,57.7,60.84990319340619,67.4807247079679,3.149903193406189,9.780724707967892
IXI433-IOP-0989,IOP,female,1.5546,73.9,61.77043186143866,68.98200388280927,-12.129568138561346,-4.917996117190739
IXI434-IOP-1010,IOP,female,1.5822,67.2,44.654469885671325,42.976614721645674,-22.545530114328677,-24.22338527835433
IXI436-HH-2153,HH,male,2.2196,28.3,37.612702074176546,31.970604607589518,9.312702074176546,3.6706046075895173
IXI437-HH-2152,HH,female,2.4912,55.6,63.30039752014866,71.03346212395402,7.700397520148655,15.433462123954023
IXI438-HH-2155,HH,male,2.222,63.7,47.211207174074005,47.014525907182716,-16.488792825925998,-16.685474092817287
IXI439-HH-2114,HH,female,2.2974,43.9,30.47117316061275,21.69939009087206,-13.428826839387249,-22.200609909127937
IXI440-HH-2127,HH,male,2.1472,48.1,47.769054125180155,47.670041669629384,-0.3309458748198466,-0.42995833037061715
IXI441-HH-2154,HH,female,2.2763,48.1,33.32394911840616,25.89293331258014,-14.77605088159384,-22.20706668741986
IXI442-IOP-1041,IOP,male,1.4425,61.4,60.732301406692784,67.24369816530799,-0.6676985933072146,5.843698165307991
IXI443-HH-2215,HH,male,2.1711,69.1,70.80216989408652,82.66165877842764,1.7021698940865235,13.561658778427642
IXI444-HH-2270,HH,female,2.3718,58.4,40.53993467777749,36.82870466347323,-17.86006532222251,-21.571295336526767
IXI445-HH-2269,HH,male,2.1338,60.0,56.70902553454856,61.23262358760993,-3.2909744654514412,1.232623587609929
IXI446-HH-2325,HH,female,2.302,60.1,55.917023306980525,59.84025953400876,-4.1829766930194765,-0.2597404659912428
IXI447-Guys-0979,Guys,female,2.6933,72.8,44.6415823230943,43.0250549770476,-28.1584176769057,-29.774945022952394
IXI448-HH-2393,HH,male,2.1803,79.4,72.66886720706484,85.3189853105129,-6.7311327929351705,5.918985310512895
IXI449-Guys-1082,Guys,male,2.8784,46.9,37.55600661717309,32.30460109580031,-9.343993382826909,-14.59539890419969
IXI451-HH-2212,HH,female,2.405,41.1,43.33240593383454,40.96374009642817,2.232405933834542,-0.13625990357183326
IXI452-HH-2213,HH,female,2.3699,63.4,67.12139324554116,77.04674061106418,3.721393245541158,13.646740611064182
IXI454-Guys-1083,Guys,male,3.2039,32.6,39.17256033754591,34.53844115720197,6.572560337545909,1.9384411572019715
IXI455-Guys-0981,Guys,female,2.7845,68.5,71.92810295576602,84.56796724477606,3.428102955766022,16.067967244776057
IXI456-Guys-1019,Guys,female,3.0162,70.2,59.25676653987282,65.08385009922169,-10.943233460127182,-5.116149900778311
IXI459-Guys-0992,Guys,female,2.9452,62.4,43.82147957587618,41.69915806173367,-18.578520424123816,-20.70084193826633
IXI460-Guys-0999,Guys,female,2.7379,60.9,55.524930719600604,59.3926914355358,-5.375069280399394,-1.5073085644641964
IXI461-Guys-0998,Guys,female,2.8206,60.9,51.35811986742016,53.12731592102616,-9.541880132579841,-7.772684078973839
IXI462-IOP-1042,IOP,female,1.5062,75.1,68.8612495671382,79.14811584460998,-6.238750432861792,4.048115844609981
IXI463-IOP-1043,IOP,female,1.6322,70.1,67.10497174205281,76.74979446410534,-2.995028257947183,6.649794464105341
IXI464-IOP-1029,IOP,female,2.1154,86.3,66.65697972125284,76.09331170741913,-19.64302027874716,-10.206688292580864
IXI465-HH-2176,HH,male,2.3971,69.3,71.89549229615662,84.56698407577166,2.595492296156621,15.26698407577166
IXI467-Guys-0983,Guys,female,2.8861,66.9,59.54404895138259,65.37412630673711,-7.355951048617413,-1.525873693262895
IXI468-Guys-0985,Guys,male,2.8794,67.7,64.6302951148133,73.22563226463654,-3.0697048851867095,5.525632264636542
IXI469-IOP-1136,IOP,male,1.6401,32.8,37.84754856414855,32.47398766479374,5.047548564148556,-0.32601233520625783
IXI470-IOP-1030,IOP,male,1.9695,36.0,41.53403659491781,38.208011937119565,5.534036594917808,2.208011937119565
IXI473-IOP-1137,IOP,male,1.4734,68.1,53.201942442810605,55.87818283508765,-14.89805755718939,-12.221817164912345
IXI474-IOP-1138,IOP,female,1.7346,34.0,29.402405954347223,19.558697150092833,-4.597594045652777,-14.441302849907167
IXI475-IOP-1139,IOP,female,1.739,32.7,28.970120451986947,19.588733565508566,-3.7298795480130558,-13.111266434491437
IXI476-IOP-1140,IOP,female,1.4558,78.4,69.54615027123945,80.49813524837853,-8.85384972876055,2.098135248378526
IXI477-IOP-1141,IOP,female,2.1144,46.4,44.0429719355633,42.169832348885826,-2.3570280644366974,-4.230167651114172
IXI478-IOP-1142,IOP,male,2.0676,49.0,36.28506910403722,30.488300750626443,-12.71493089596278,-18.511699249373557
IXI479-Guys-1034,Guys,female,3.1416,60.0,54.52690101488953,58.19532706185627,-5.473098985110468,-1.8046729381437316
IXI480-Guys-1033,Guys,female,3.1748,60.0,49.766137970661376,50.67432574567772,-10.233862029338624,-9.32567425432228
IXI481-HH-2175,HH,male,2.3384,65.3,55.549146386592426,59.596559897312474,-9.750853613407571,-5.703440102687523
IXI482-HH-2178,HH,female,2.4434,72.1,68.25213058988943,78.26441346985447,-3.8478694101105617,6.16441346985448
IXI484-HH-2179,HH,male,2.2385,66.4,53.807894124536155,56.96505161533262,-12.59210587546385,-9.434948384667386
IXI485-HH-2180,HH,female,2.3892,68.9,53.227820672041524,55.823222388246236,-15.672179327958482,-13.07677761175377
IXI486-Guys-1005,Guys,female,2.9003,63.8,62.3805067226779,69.77126284785092,-1.419493277322097,5.971262847850923
IXI487-Guys-1037,Guys,male,2.912,66.3,60.41362778398874,67.03377516406763,-5.88637221601126,0.7337751640676373
IXI488-Guys-1015,Guys,female,2.9629,69.1,58.439841426891256,63.76620774072755,-10.660158573108738,-5.3337922592724425
IXI489-Guys-1014,Guys,female,2.9989,69.1,49.22375482106128,49.85916691966984,-19.876245178938717,-19.240833080330155
IXI490-Guys-1018,Guys,female,3.1573,70.1,66.66126245337155,76.5201265492365,-3.4387375466284453,6.4201265492365
IXI492-Guys-1022,Guys,female,2.9316,69.3,65.30230846584988,73.77480669213135,-3.997691534150121,4.474806692131352
IXI493-Guys-1007,Guys,male,3.0337,67.8,61.867800099874316,69.34581980455337,-5.932199900125681,1.5458198045533749
IXI494-Guys-1008,Guys,male,2.9071,66.3,66.17441390800921,75.5114463595648,-0.1255860919907832,9.211446359564803
IXI496-Guys-1045,Guys,female,3.0848,62.8,67.35213851240184,77.5034300866225,4.552138512401839,14.703430086622504
IXI498-Guys-1050,Guys,female,2.9679,76.8,63.81964857531043,71.76158287326368,-12.980351424689566,-5.03841712673632
IXI499-Guys-1004,Guys,male,2.8948,82.2,76.10486695391667,90.24702573125344,-6.095133046083333,8.047025731253441
IXI500-Guys-1017,Guys,male,2.821,63.2,61.56212119403472,68.36725040862045,-1.6378788059652862,5.167250408620447
IXI501-Guys-1016,Guys,female,2.914,67.1,61.19523943670997,67.86347279773248,-5.904760563290026,0.76347279773249
IXI502-Guys-1020,Guys,female,3.1218,63.9,46.76368044310605,46.09909361297025,-17.13631955689395,-17.800906387029748
IXI503-Guys-1021,Guys,male,2.7339,65.1,71.24022996270814,82.96753394014738,6.140229962708148,17.867533940147382
IXI505-Guys-1026,Guys,female,3.1211,62.2,58.36146939112962,63.931247745487404,-3.8385306088703857,1.7312477454874013
IXI506-Guys-1035,Guys,female,2.8495,69.7,65.66263141792938,74.70150871415564,-4.037368582070627,5.001508714155634
IXI507-Guys-1036,Guys,male,3.0689,71.7,70.79350254342894,82.36361171117412,-0.90649745657106,10.663611711174113
IXI508-HH-2268,HH,female,2.3877,60.9,50.893813268548044,52.30999358226687,-10.006186731451955,-8.590006417733129
IXI510-IOP-1143,IOP,female,1.8634,32.4,38.18325704813842,33.21799042303039,5.783257048138424,0.8179904230303947
IXI511-HH-2238,HH,female,2.5809,64.6,69.8520730157248,80.6972283939521,5.252073015724804,16.097228393952108
IXI512-Guys-1054,Guys,male,2.9915,64.8,70.9531644432846,82.41171378896533,6.153164443284609,17.611713788965332
IXI515-HH-2377,HH,female,2.3739,62.1,47.8038633255888,47.66021172641375,-14.296136674411201,-14.439788273586252
IXI516-HH-2297,HH,female,2.7116,60.4,67.36155491045537,77.21399181605405,6.961554910455369,16.81399181605405
IXI517-IOP-1144,IOP,male,2.2146,36.2,46.40845192534046,45.592944169731254,10.208451925340455,9.392944169731251
IXI519-HH-2240,HH,male,2.3142,57.5,46.57079787815498,45.93626540805474,-10.929202121845023,-11.563734591945263
IXI521-HH-2353,HH,female,2.3869,70.8,64.98364851558112,73.98365870297042,-5.816351484418874,3.183658702970419
IXI522-HH-2453,HH,female,2.3865,28.9,29.666822304257618,20.252868576831247,0.7668223042576194,-8.647131423168751
IXI523-Guys-1056,Guys,female,3.0287,63.4,57.352820012126415,62.27891028985059,-6.047179987873584,-1.1210897101494055
IXI524-HH-2412,HH,female,2.4448,33.5,36.824113950304195,31.036887553458257,3.324113950304195,-2.463112446541743
IXI525-HH-2413,HH,male,2.1681,41.5,51.08337914920229,52.419538084313636,9.583379149202287,10.919538084313636
IXI526-HH-2392,HH,female,2.6499,54.6,53.51113457592572,56.38107382338312,-1.088865424074278,1.7810738233831174
IXI528-Guys-1073,Guys,male,3.1547,40.5,39.91169260296607,35.85003591087853,-0.5883073970339296,-4.649964089121468
IXI531-Guys-1057,Guys,male,2.8805,75.9,68.9824187838013,79.90053952302486,-6.9175812161987125,4.000539523024855
IXI532-IOP-1145,IOP,male,1.9122,36.6,38.53643629222183,33.91386895870914,1.9364362922218277,-2.6861310412908637
IXI533-Guys-1066,Guys,male,2.5424,73.6,54.41568138013291,57.652407734641166,-19.184318619867085,-15.947592265358828
IXI534-Guys-1062,Guys,male,2.9701,69.6,67.86265089102707,78.12229377251491,-1.7373491089729214,8.522293772514914
IXI535-Guys-1061,Guys,female,3.0583,65.3,63.07260100199022,70.49499909045858,-2.2273989980097753,5.19499909045858
IXI536-Guys-1059,Guys,female,3.1385,58.8,49.714803687384176,50.66484658619464,-9.085196312615821,-8.135153413805355
IXI537-HH-2378,HH,female,2.0485,67.5,68.20393016800796,78.86596424205598,0.7039301680079575,11.36596424205598
IXI538-HH-2411,HH,female,2.0403,81.9,71.92996174123405,84.6733189236057,-9.970038258765953,2.7733189236057
IXI539-Guys-1067,Guys,male,2.6914,78.1,73.11638290834954,86.49330699742488,-4.9836170916504585,8.393306997424887
IXI541-IOP-1146,IOP,female,1.7762,36.4,29.036052716888094,19.41205605928286,-7.363947283111905,-16.987943940717138
IXI542-IOP-1147,IOP,female,1.6613,44.4,37.10963075958672,31.58121291007999,-7.290369240413277,-12.818787089920008
IXI543-IOP-1148,IOP,male,1.5164,70.5,64.95734364363875,73.22943066309809,-5.542656356361249,2.7294306630980856
IXI544-HH-2395,HH,female,2.4146,58.0,65.65115731647523,74.60243841419894,7.651157316475235,16.602438414198943
IXI547-IOP-1149,IOP,male,2.6373,33.8,29.41468171083875,20.100592727954982,-4.385318289161248,-13.699407272045015
IXI548-IOP-1150,IOP,female,1.6436,66.3,62.137978186004844,69.32272800290806,-4.162021813995153,3.0227280029080674
IXI549-Guys-1046,Guys,female,3.3781,25.0,28.264589036099142,18.208032526351456,3.2645890360991423,-6.791967473648544
IXI550-Guys-1069,Guys,female,2.9534,59.9,42.24681818116323,39.461280878876394,-17.65318181883677,-20.438719121123604
IXI551-Guys-1065,Guys,female,3.0932,70.5,75.21259357328263,89.48304661639446,4.712593573282632,18.98304661639446
IXI552-Guys-1063,Guys,female,3.434,64.7,61.59116675873147,68.57132867804526,-3.1088332412685347,3.871328678045259
IXI553-IOP-1151,IOP,male,2.0998,28.2,34.73171680433294,27.930589630889482,6.531716804332941,-0.26941036911051697
IXI554-Guys-1068,Guys,male,2.9107,70.1,75.12603147632517,88.96937689004297,5.026031476325173,18.86937689004297
IXI555-Guys-1074,Guys,female,2.9376,65.7,65.4183934637411,74.16255274569296,-0.28160653625890575,8.46255274569296
IXI556-HH-2452,HH,male,2.0951,55.6,60.68578393787071,67.11554662384015,5.085783937870708,11.515546623840144
IXI558-Guys-1079,Guys,female,2.943,66.9,61.01676976387447,67.78635951987783,-5.883230236125534,0.8863595198778285
IXI559-HH-2394,HH,female,2.5767,67.8,67.09653962001306,77.33066257974997,-0.7034603799869359,9.530662579749972
IXI560-Guys-1070,Guys,male,2.8087,63.9,58.09007822859834,62.98125499456489,-5.809921771401662,-0.9187450054351061
IXI561-IOP-1152,IOP,female,1.7806,31.6,37.73247138344657,32.4786598653326,6.132471383446571,0.878659865332601
IXI562-Guys-1131,Guys,female,3.2362,42.8,34.15782408929765,26.93909602126231,-8.642175910702349,-15.860903978737689
IXI563-IOP-1153,IOP,female,1.8136,28.4,38.47931988051366,33.68445731526281,10.079319880513658,5.284457315262813
IXI565-HH-2534,HH,male,2.3059,63.8,54.59156819189526,57.866174216542824,-9.208431808104734,-5.9338257834571735
IXI566-HH-2535,HH,female,2.4734,43.0,38.90458135413426,34.34221435740447,-4.095418645865742,-8.657785642595528
IXI567-HH-2536,HH,female,2.6335,28.6,34.29550742854811,27.261126774476327,5.695507428548112,-1.338873225523674
IXI568-HH-2607,HH,female,2.4965,33.7,43.06276792430424,40.65418574751222,9.362767924304237,6.95418574751222
IXI569-Guys-1101,Guys,male,3.055,57.0,49.8804422905732,50.82115027887146,-7.1195577094268,-6.178849721128543
IXI571-IOP-1154,IOP,female,1.7352,38.9,39.06059534319075,34.506594757373946,0.16059534319074942,-4.393405242626052
IXI572-HH-2605,HH,female,2.6753,41.9,35.637539130403475,29.376081321525895,-6.262460869596524,-12.523918678474104
IXI573-IOP-1155,IOP,female,1.8137,35.5,38.15805974392394,33.39390519267788,2.6580597439239426,-2.1060948073221226
IXI574-IOP-1156,IOP,female,1.5692,50.6,68.0202003198106,78.29113421987282,17.420200319810597,27.691134219872815
IXI575-HH-2658,HH,female,2.4181,57.8,54.36618023716994,57.560027294262056,-3.433819762830055,-0.23997270573794083
IXI576-Guys-1077,Guys,female,2.8854,67.3,64.22586230000964,72.60205003919161,-3.0741376999903594,5.302050039191613
IXI577-HH-2661,HH,female,2.6462,64.2,56.76038132763635,61.276006236648925,-7.43961867236365,-2.9239937633510777
IXI578-Guys-1078,Guys,male,2.6915,57.9,64.44321983221371,73.2141176964104,6.543219832213715,15.314117696410399
IXI579-Guys-1126,Guys,male,3.016,41.2,53.455214004798485,55.933369523952706,12.255214004798482,14.733369523952703
IXI582-Guys-1127,Guys,male,3.2596,29.8,40.04383664853084,35.97656706606958,10.243836648530841,6.176567066069577
IXI584-Guys-1129,Guys,male,3.0516,41.3,42.34150623075239,39.532939064811146,1.0415062307523897,-1.7670609351888515
IXI585-Guys-1130,Guys,male,3.0009,28.1,40.42197185959178,36.56263238546179,12.321971859591777,8.462632385461788
IXI587-Guys-1128,Guys,male,3.0038,33.6,40.481129061703975,36.67267143653545,6.881129061703973,3.072671436535451
IXI588-IOP-1158,IOP,male,1.7483,45.3,44.31164167768621,42.55075286366299,-0.9883583223137862,-2.7492471363370043
IXI591-Guys-1084,Guys,female,2.968,59.9,58.26031904344279,63.448137370651196,-1.639680956557207,3.5481373706511974
IXI592-Guys-1085,Guys,male,2.961,48.1,54.746924834227606,58.09998180005249,6.646924834227605,9.999981800052488
IXI593-Guys-1109,Guys,female,2.4171,55.2,59.013461965714306,64.46553993397234,3.8134619657143034,9.265539933972335
IXI594-Guys-1089,Guys,male,2.9078,62.0,67.09202190899562,76.69672376939707,5.092021908995619,14.696723769397067
IXI595-IOP-1159,IOP,female,1.7447,49.6,49.876085552547934,50.89255451534611,0.2760855525479329,1.2925545153461115
IXI596-IOP-1160,IOP,male,1.5751,29.7,31.747881561804014,23.422017851836483,2.047881561804015,-6.277982148163517
IXI597-IOP-1161,IOP,female,2.0013,43.1,45.67614799461919,44.524952751740386,2.576147994619191,1.4249527517403848
IXI598-HH-2606,HH,male,2.1681,52.9,47.47114114288073,47.22550759779942,-5.428858857119266,-5.674492402200578
IXI599-HH-2659,HH,male,2.1899,39.4,39.59181725542661,35.467690707620136,0.19181725542661354,-3.9323092923798626
IXI600-HH-2660,HH,male,2.3938,39.0,28.865377808512438,19.0765007199755,-10.134622191487562,-19.9234992800245
IXI601-HH-2700,HH,male,2.5568,35.5,32.69024534256738,24.9088800507958,-2.80975465743262,-10.591119949204199
IXI603-HH-2701,HH,female,2.2265,66.0,62.835569798837525,70.20648370131062,-3.1644302011624745,4.206483701310617
IXI605-HH-2598,HH,female,2.4088,70.3,65.18872169837678,74.20077847502412,-5.111278301623216,3.9007784750241257
IXI606-HH-2601,HH,male,2.0872,60.5,61.12543943791195,67.99748970179306,0.6254394379119503,7.497489701793057
IXI607-Guys-1097,Guys,male,2.6823,83.8,73.10322885128429,86.00638244706008,-10.696771148715712,2.2063824470600792
IXI608-HH-2599,HH,male,2.1886,52.5,64.43380384854567,72.50909205689145,11.933803848545665,20.009092056891447
IXI609-HH-2600,HH,male,2.4994,29.0,49.17476952195151,49.73174539474924,20.17476952195151,20.73174539474924
IXI610-HH-2649,HH,male,2.2496,56.7,45.852629866333345,44.889556729744555,-10.847370133666658,-11.810443270255448
IXI611-HH-2650,HH,male,2.2457,28.9,30.005099182873085,20.776005312200862,1.1050991828730865,-8.123994687799136
IXI612-HH-2688,HH,male,2.1782,33.9,44.98653755122528,43.37435234587521,11.086537551225284,9.47435234587521
IXI613-HH-2734,HH,male,2.4458,25.6,34.374595439520064,27.467989532762964,8.774595439520063,1.8679895327629623
IXI614-HH-2735,HH,female,2.3104,26.9,30.651742935678037,21.916766351627537,3.7517429356780383,-4.983233648372462
IXI616-Guys-1092,Guys,male,2.9781,55.1,66.745800291625,75.80105861592244,11.645800291625001,20.70105861592244
IXI617-Guys-1090,Guys,male,3.0535,39.2,51.514651713817955,53.188321885762754,12.314651713817952,13.988321885762751
IXI618-Guys-1091,Guys,male,3.1468,37.9,42.2856276355112,39.532658565553426,4.385627635511199,1.6326585655534274
IXI619-Guys-1099,Guys,male,3.1738,24.9,29.090746143766637,19.54489524810796,4.1907461437666385,-5.355104751892039
IXI621-Guys-1100,Guys,male,3.3396,31.6,32.887579431955785,25.30506376638388,1.287579431955784,-6.29493623361612
IXI622-Guys-1102,Guys,male,2.96,59.7,58.816285818743225,64.30595918849181,-0.8837141812567779,4.605959188491809
IXI625-Guys-1098,Guys,male,3.0891,47.1,30.280190964845996,21.353726379218802,-16.819809035154005,-25.7462736207812
IXI626-Guys-1094,Guys,male,2.9232,64.3,55.00684531744857,58.61797327963495,-9.293154682551425,-5.6820267203650445
IXI627-Guys-1103,Guys,male,2.9977,68.5,65.71775847755109,74.82783540910182,-2.7822415224489134,6.327835409101823
IXI630-Guys-1108,Guys,male,2.653,54.7,38.81322818358801,34.243291409583044,-15.886771816411994,-20.45670859041696
IXI631-HH-2651,HH,male,2.2934,41.3,43.0882896979007,40.742736856716405,1.7882896979007015,-0.5572631432835919
IXI632-HH-2652,HH,male,2.3575,56.4,66.0423329736565,74.92668046262418,9.6423329736565,18.526680462624178
IXI633-HH-2689,HH,male,2.219,36.7,36.491164064890214,30.568287617706368,-0.20883593510978926,-6.131712382293635
IXI634-HH-2690,HH,male,2.2359,34.1,46.716809049518886,46.07339137411136,12.616809049518885,11.973391374111358
IXI635-HH-2691,HH,male,2.4975,25.5,29.663154680883075,20.623263552388718,4.163154680883075,-4.876736447611282
IXI636-HH-2733,HH,male,2.4152,43.2,51.753260691968265,53.54948009525388,8.553260691968262,10.349480095253874
IXI639-Guys-1088,Guys,male,2.8761,86.2,76.64047354177328,92.07179056717703,-9.559526458226728,5.87179056717703
IXI640-Guys-1106,Guys,male,2.8071,80.8,73.64925594174629,86.54490384297976,-7.150744058253707,5.744903842979767
IXI642-Guys-1104,Guys,male,2.9306,57.1,53.804233664444155,57.00744099039461,-3.2957663355558466,-0.0925590096053881
IXI644-Guys-1121,Guys,male,2.8938,56.9,50.47837411905432,51.81800311973764,-6.421625880945676,-5.081996880262359
IXI646-HH-2653,HH,female,2.0909,71.2,69.01450693207389,79.93025782108712,-2.1854930679261173,8.730257821087122
IXI648-Guys-1107,Guys,male,2.2455,47.7,56.45692803989298,60.50120440418982,8.756928039892976,12.801204404189818
IXI651-Guys-1118,Guys,male,2.9422,50.4,44.680798734814935,42.97626249276388,-5.719201265185063,-7.423737507236119
IXI652-Guys-1116,Guys,male,3.2519,43.0,43.22962794785537,40.847944686614404,0.22962794785537,-2.1520553133855955
IXI653-Guys-1122,Guys,male,3.1892,46.2,40.38367173966411,36.59614076857306,-5.816328260335894,-9.603859231426945
IXI662-Guys-1120,Guys,male,2.9436,41.7,55.62162320213298,59.37699368048378,13.921623202132977,17.676993680483776
