subject,site,qc_wb,qc_sc,Robust z (rule used to pick scans for review),IsolationForest,LocalOutlierFactor,IsolationForest (age-adjusted),LocalOutlierFactor (age-adjusted)
IXI002-Guys-0828,Guys,0,1,0.8793879567756995,0.39520155910386695,0.9741340411471464,0.3729226492808169,0.9645586542346809
IXI012-HH-1211,HH,0,0,3.0208047398746865,0.4113603693572485,1.063629967116864,0.4140832677230303,1.086486475833422
IXI013-HH-1212,HH,0,0,1.4954769467702793,0.3894340494000224,1.0489753215604103,0.38630618675205813,1.0270696701688202
IXI014-HH-1236,HH,0,0,3.4228539723781832,0.5239510614861754,1.402195812514132,0.5454894204839354,1.3614228533982558
IXI015-HH-1258,HH,1,1,4.06889057684513,0.5676088009216302,1.4814438331282926,0.5848513884301194,1.525272418745912
IXI016-Guys-0697,Guys,0,0,1.2662912542344682,0.3894718917035986,1.0510845189951197,0.38252831044653346,1.0325446979079274
IXI017-Guys-0698,Guys,0,1,1.2098155757745306,0.36727445890147215,0.9618014726359455,0.36385100799105663,0.9873517941195429
IXI019-Guys-0702,Guys,1,1,1.7761073127045697,0.44148574679408575,1.1059041523608457,0.44070245418107457,1.1185607239670943
IXI020-Guys-0700,Guys,0,0,2.5299012542357913,0.40312002069203184,1.0393083275555521,0.3955218210893679,1.0333605304996898
IXI021-Guys-0703,Guys,0,1,1.5660078441845369,0.3930004807793146,1.0441027482360419,0.38906707713764427,0.9822563867156588
IXI022-Guys-0701,Guys,0,1,3.3328641271464323,0.38881856866354736,1.015146318343611,0.42428800246408094,1.1014551573882487
IXI023-Guys-0699,Guys,0,1,1.9274059003123616,0.45118236900801423,1.1637326965596715,0.435049742992702,1.171212271625627
IXI024-Guys-0705,Guys,0,1,1.7021949431206618,0.48420153805328525,1.1166545497755456,0.47139499920195643,1.1171227763109564
IXI025-Guys-0852,Guys,0,1,1.7688820561224483,0.4256631211260419,1.0653821346799912,0.4263695565380225,1.1385290900159535
IXI026-Guys-0696,Guys,0,1,1.228944340350917,0.4526841734747464,1.101835304173758,0.4357273641281926,1.1101152527919502
IXI027-Guys-0710,Guys,0,0,2.6204110298201493,0.421172777572683,1.0529459291196548,0.40436223749802547,1.0622703435876448
IXI028-Guys-1038,Guys,0,0,2.8391653486613166,0.47961071725384463,1.445360149044709,0.4834621275000284,1.2338807949628157
IXI029-Guys-0829,Guys,0,1,3.0888369474714903,0.4807666366206767,1.4420387703788327,0.4926071123753101,1.4857286113770636
IXI030-Guys-0708,Guys,0,1,1.8912503263213583,0.42922801026632984,1.059331843020972,0.3996288519554101,1.0813406089092565
IXI031-Guys-0797,Guys,0,0,2.0340592100008625,0.44555854182644583,1.0637449221240893,0.4333638399644844,1.134711011332406
IXI033-HH-1259,HH,0,0,1.3514139456929068,0.3870158415132279,1.0040690712203486,0.38268067928776434,0.9743189232253007
IXI034-HH-1260,HH,0,1,3.383952458291669,0.5438489388899641,1.4844783673431077,0.524379496224943,1.4555448891869744
IXI035-IOP-0873,IOP,1,1,1.804514434773093,0.42046740277757366,1.0849649539128414,0.41014682209886894,1.0854373256513312
IXI036-Guys-0736,Guys,0,0,2.8257885714884092,0.45235388327494125,1.053938051293328,0.42357285294770336,1.081742454479721
IXI037-Guys-0704,Guys,1,0,1.008086517970182,0.3713760501852144,0.96944495230566,0.3809425549611613,1.0047091210977448
IXI038-Guys-0729,Guys,0,0,1.9603268797708366,0.3980547134662424,0.980034989573667,0.3787781615874749,0.9857450827917974
IXI039-HH-1261,HH,1,1,2.1707288068528094,0.4374073093789025,1.100169336640708,0.4426844484965706,1.078028327913515
IXI040-Guys-0724,Guys,1,0,0.9460294761847962,0.40187987690939553,1.0140521560242348,0.39711882182184327,1.0290105545567223
IXI041-Guys-0706,Guys,0,2,32.255891297605935,0.5566084309610971,3.2684784274709715,0.569936083220037,3.241517802786838
IXI042-Guys-0725,Guys,0,0,1.2365511042786255,0.3945669873118892,1.068988693766249,0.3867834550612564,1.033243040552109
IXI043-Guys-0714,Guys,0,1,1.6201912203798916,0.46248718106407916,1.166867811148217,0.4263330553638812,1.1682328592027709
IXI044-Guys-0712,Guys,1,1,0.7593090075454915,0.3859375666693971,0.9715154914201893,0.4027543431778786,1.0363162941550654
IXI045-Guys-0713,Guys,1,1,1.6673731725512104,0.4268941615562143,1.0312156389139766,0.4106226626657482,1.0909668571346927
IXI046-Guys-0824,Guys,0,0,0.9928940867567093,0.41484408268000195,0.9953910288450174,0.3969013254108722,1.0051783229420157
IXI048-HH-1326,HH,0,1,1.1303968518736192,0.44700993718301524,1.0606818901000372,0.4751146008444169,1.0792260349742302
IXI049-HH-1358,HH,0,1,2.6000194792904483,0.3996299967033609,1.0291226805450402,0.38650378635555094,1.0461895009442057
IXI050-Guys-0711,Guys,1,1,2.9139560704094083,0.4390630245113126,1.4588334081805185,0.4419005809473702,1.4649962269029746
IXI051-HH-1328,HH,1,1,1.4291046599181652,0.37886394267339746,0.9933394215754066,0.3707381933917849,0.9957000820353181
IXI052-HH-1343,HH,0,0,3.0102298575791417,0.5269793513704185,1.393637218461644,0.524288330315826,1.4354450279970155
IXI053-Guys-0727,Guys,0,0,3.4112382408434048,0.44475320072228386,1.1983107727812963,0.44881981251708164,1.1725397163040543
IXI054-Guys-0707,Guys,1,1,1.1916192576372762,0.38716684668233525,1.014361141535867,0.39215462612739865,1.037378432311174
IXI055-Guys-0730,Guys,1,0,1.4102780818767298,0.38101629921774016,0.9950600606278506,0.36557990524346523,0.9983586931448365
IXI056-HH-1327,HH,1,2,5.284625021610806,0.643535553457747,2.0298490446902684,0.6539752100591737,2.0661001611141283
IXI058-Guys-0726,Guys,0,0,3.881468172492717,0.4084111348912713,1.0408590349795217,0.39342748916075115,1.0270288005612236
IXI059-HH-1284,HH,0,0,1.5186392771744122,0.4146351035591058,1.0812312080757152,0.41791453782681476,1.071608463070794
IXI060-Guys-0709,Guys,0,0,2.5833679348611436,0.4159916138499188,1.037010008523763,0.39273862425325706,1.02110872585688
IXI061-Guys-0715,Guys,0,0,0.8770638186367707,0.3728519764116521,0.9806084248782406,0.3848654441617938,0.9882554280971586
IXI062-Guys-0740,Guys,1,0,2.3144365670694937,0.41876653637030997,1.0368801603321747,0.4153279693962036,1.071574095732061
IXI063-Guys-0742,Guys,1,0,2.5587321135336416,0.4155430785102258,1.0785769776004623,0.4082078737238866,1.078240545205897
IXI064-Guys-0743,Guys,1,0,2.1398787295904302,0.40508720896200695,1.0095886859854302,0.394247836495759,1.0295839902322854
IXI065-Guys-0744,Guys,1,0,1.4041046316766979,0.3994466595613911,1.083737065122031,0.3894793951200849,1.07804879522015
IXI066-Guys-0731,Guys,0,0,1.331848281040791,0.39319964337715496,1.0222215623362052,0.38555414939498883,1.0162249883692471
IXI067-HH-1356,HH,0,1,2.9798193511549567,0.4633821804848376,1.0936993222546962,0.41977632594980935,1.0886602186003158
IXI068-Guys-0756,Guys,0,1,1.1665268268676923,0.40328828912649983,1.0221477151863863,0.4020160494485579,1.0181604532552888
IXI069-Guys-0769,Guys,0,0,1.463491459508725,0.5274510671529,1.1938958484755369,0.5266695191522135,1.1897975451474496
IXI070-Guys-0767,Guys,0,1,1.734382809216973,0.45200180001564366,1.049090537269392,0.4184430293567424,1.0199641489061233
IXI071-Guys-0770,Guys,0,0,0.9999654608939212,0.42149128518317813,1.0251776908890915,0.40316018469921727,1.0181966553102701
IXI072-HH-2324,HH,0,1,5.5840030728750785,0.5218118458543457,1.7095909044351276,0.5017286247907029,1.5583615361555838
IXI073-Guys-0755,Guys,0,0,0.8470362060413612,0.45346040984891073,1.0353171710439117,0.43138121890268866,1.0270418314803478
IXI074-Guys-0771,Guys,0,1,2.426400580362164,0.49707670547773747,1.5268440400659669,0.46684329467191116,1.5097608569416274
IXI075-Guys-0754,Guys,0,0,1.7295251490476418,0.41595781416340816,1.0295398086503897,0.4049359943989137,1.0462049549509673
IXI076-Guys-0753,Guys,0,0,0.6913225824560482,0.37480723906139024,0.9796451417492665,0.3726670058986241,0.9794724752325047
IXI077-Guys-0752,Guys,0,1,1.4519569083524524,0.39064837944321673,1.0145314152380402,0.38258368981358787,1.0055727962390417
IXI078-Guys-0751,Guys,0,0,1.8965686952438647,0.3836904603188106,0.998333001764987,0.38784290720646963,1.00921078944097
IXI079-HH-1388,HH,0,0,2.353966633448128,0.43508342738620087,1.1368628158841916,0.4415674515945032,1.2171886073864697
IXI080-HH-1341,HH,0,0,2.154854210276182,0.43762209695963067,1.260964805173433,0.4359185203734188,1.2245660574426291
IXI083-HH-1357,HH,0,0,0.9986750637657605,0.44019344733076543,1.0666934890261903,0.47929907073114003,1.1052698278052895
IXI084-Guys-0741,Guys,0,0,0.7650943903993758,0.36824248390855435,0.9847190311535547,0.36773090759408417,0.9721595722058783
IXI085-Guys-0759,Guys,0,1,0.951341697075696,0.3804220544622299,0.9924261697748651,0.37427096795171677,0.9978259537314182
IXI086-Guys-0728,Guys,1,1,1.357713196619282,0.3953121040613107,1.1114924272187943,0.39485118988198054,1.0595202137767241
IXI087-Guys-0768,Guys,0,1,1.5483139990849664,0.4562806316973928,1.1474131212831495,0.4374679458391812,1.1913817281219816
IXI089-Guys-0757,Guys,0,1,1.4979634287199142,0.40255135552759264,0.997545205318913,0.3852651366262962,1.0039628316368716
IXI090-Guys-0800,Guys,0,0,1.1500961076573468,0.3913642790067333,1.0057878383902041,0.41615808384761105,1.0245652380171015
IXI091-Guys-0762,Guys,0,0,1.845282932895995,0.4056869966760972,1.046457467248889,0.3904903580948312,1.048307074947306
IXI092-HH-1436,HH,0,0,2.017894181618904,0.3964920454765835,1.0239794730017742,0.3778460856115721,1.0293001067217453
IXI093-HH-1359,HH,1,1,1.9721857064948638,0.40077875822894665,1.0787331249990293,0.4247949567973469,1.1580647827135204
IXI094-HH-1355,HH,0,2,5.459359305197313,0.726504157716188,2.492058427858363,0.7475380823759977,2.9204666903468555
IXI095-HH-1390,HH,0,0,1.6161685943224582,0.4358443325480144,1.0345064547688296,0.40577353410854483,1.0525100214667733
IXI096-HH-1391,HH,1,1,1.748872483515755,0.3883056209955062,1.0337212527389648,0.42539508200717974,1.072079355613423
IXI097-HH-1619,HH,0,0,2.337921205174198,0.45370713710883626,1.1925270502629246,0.4251269899065807,1.2152005073704224
IXI098-Guys-0745,Guys,0,0,1.6549200135211883,0.42461087529557523,1.0143309441043926,0.404583356519123,1.0146039896649817
IXI099-Guys-0748,Guys,0,0,3.336187788366474,0.38528243007707247,0.9956546614983,0.37812453522966977,0.9912963467246199
IXI100-Guys-0747,Guys,0,1,1.8531791539409401,0.4148839521123273,1.1228449968095218,0.4151398834428552,1.0714233538694131
IXI101-Guys-0749,Guys,0,0,3.018232637891261,0.4030811667836741,1.0215486268472778,0.3856681669952502,1.0369349309053801
IXI102-HH-1416,HH,0,0,0.8737974280179548,0.3924021872867219,1.036943548206049,0.38497993606498493,1.0048516582626295
IXI103-Guys-0750,Guys,0,0,2.242750217868828,0.4228746888793542,1.2187151174055488,0.4164614357015346,1.23815032616159
IXI104-HH-1450,HH,1,0,2.080506939021948,0.3999173154531635,1.0702934110169473,0.40201742215358593,1.0530224568371385
IXI105-HH-1471,HH,1,0,1.4805685379296694,0.4010669524527332,1.003846238316922,0.3818513836400257,1.0028022115659283
IXI106-Guys-0760,Guys,0,0,3.059255668799425,0.41191402432590934,1.0230781448176336,0.391701041326933,1.0320274379868553
IXI107-Guys-0761,Guys,1,1,1.8914591543046786,0.41744733348183466,1.1449551932307556,0.44294625896915035,1.1635506168157828
IXI108-Guys-0865,Guys,0,0,1.4793067622567837,0.38079326378581413,0.9815290188044361,0.39016363337810345,0.9966633943632461
IXI109-Guys-0732,Guys,0,0,1.0548151436180018,0.40076655154206725,0.9916334490570005,0.3793808619949947,0.9832960625299251
IXI110-Guys-0733,Guys,0,0,1.5104168437844623,0.4083479349378703,0.9943100033421051,0.3826394514491506,0.9849411275253587
IXI111-Guys-0734,Guys,1,1,1.6815618028309394,0.4186386455186262,1.0825171422809978,0.39135066078867303,1.0523146341317602
IXI112-Guys-0735,Guys,0,1,2.399068323350934,0.49364472521607844,1.3400415135787909,0.46314657621634053,1.2068202586305041
IXI113-Guys-0776,Guys,0,0,1.1383142968959608,0.45821076515260084,1.0523190992256555,0.42691928147466873,1.0509511759700965
IXI114-Guys-0737,Guys,0,1,1.302944559501593,0.3918175263648376,0.991212671323041,0.40868524133853495,0.9980109639822541
IXI115-Guys-0738,Guys,1,0,0.8289109554011614,0.37401526118399114,0.9757040299901488,0.36938739081186556,0.9735527552150529
IXI116-Guys-0739,Guys,0,0,1.4798566184180457,0.407531492683739,1.0170547772503977,0.38269296955277377,1.0012766935771
IXI118-Guys-0764,Guys,0,1,0.9889758037906933,0.3756998887807972,0.99512728689455,0.36830992132074064,0.9895910717511753
IXI119-Guys-0765,Guys,0,1,2.2979427651895743,0.4327503019775287,1.100608199573053,0.4026877143380394,1.0950496560692238
IXI120-Guys-0766,Guys,0,0,1.1425777284058551,0.3728904767595921,0.9776593037112917,0.3695788868994112,0.992410768218314
IXI121-Guys-0772,Guys,0,1,2.0954529925378425,0.3955753600997817,1.0980407004263382,0.4237423693548918,1.1432203640387224
IXI122-Guys-0773,Guys,0,0,1.9785083720919747,0.43569417033683094,1.0476607551501291,0.3971867888073954,1.0054698615545508
IXI123-Guys-0774,Guys,0,1,2.3139132125429662,0.4718475410576366,1.2619918074889516,0.45644221435459675,1.2518636816778135
IXI126-HH-1437,HH,1,0,1.7949497534371628,0.39145302731530723,1.0156415115876247,0.3901255163989888,1.006023627957633
IXI127-HH-1451,HH,0,1,1.638434843416432,0.41180855935295224,1.0823738282820348,0.39177125617886505,1.0659985969740167
IXI128-HH-1470,HH,0,1,2.0394877994801153,0.41046286678756183,1.0847814022693725,0.41424648850196105,1.0697154416937305
IXI129-Guys-0775,Guys,0,1,2.1687362521448685,0.37603907950002474,0.9961987052506114,0.36544443769779,0.9791099699687089
IXI130-HH-1528,HH,0,0,1.6225725735779142,0.38232521739271147,1.0135649092455725,0.37757475600696394,1.0008643411408897
IXI131-HH-1527,HH,0,2,17.080527791662007,0.5629136190457217,3.546264898710615,0.5759409452144869,3.6424917183201884
IXI132-HH-1415,HH,0,0,1.348932347169282,0.3870211166487176,1.0114939759002648,0.38049574094255034,1.0212697418145509
IXI134-Guys-0780,Guys,0,0,2.021745615525354,0.39376912932401975,1.0165296528604828,0.3872713137523967,1.0423069782889725
IXI135-Guys-0779,Guys,1,1,1.6161641781321452,0.4223795485822446,1.0449202420784816,0.40101644138834414,1.0239876081380728
IXI136-HH-1452,HH,0,1,2.5095364879890774,0.40365297424734514,1.0545051142809785,0.3872543940165162,1.0747594071186064
IXI137-HH-1472,HH,1,0,1.4470237124425667,0.3911390479359878,1.0339252025166115,0.3820390166555125,1.0440366804475059
IXI138-Guys-0746,Guys,0,1,1.8590705978157318,0.39573559154814575,1.0018028280677413,0.37545338366697273,1.007425524595773
IXI139-Guys-0815,Guys,0,1,2.0378429899080888,0.4258642085446742,1.1287999746553825,0.41885357896157366,1.1167516960600592
IXI140-Guys-0787,Guys,0,0,1.9446276331708778,0.48691102914229717,1.2865876633467253,0.4740091382308893,1.3479633088596912
IXI141-Guys-0789,Guys,1,0,1.1282447279410637,0.420544134454024,1.0535985378805632,0.4131891891944067,1.0580358742796934
IXI142-Guys-0786,Guys,0,0,1.172064368760144,0.4172760928136844,1.0095180400355557,0.40848084814143065,1.0145599627573725
IXI143-Guys-0785,Guys,0,1,1.2461305015269462,0.40122318596906437,0.9844639781374649,0.38284791317958966,0.9785228739402229
IXI144-Guys-0788,Guys,0,0,1.339717133024116,0.44615178169310504,1.0719496542096507,0.43054898631087934,1.0462015377854956
IXI145-Guys-0781,Guys,1,1,1.3537346138819464,0.45732234644853514,1.0905325551317016,0.4981182852239624,1.1720653803890428
IXI146-HH-1389,HH,0,1,2.4678637260268794,0.43859558933010295,1.1466692086676484,0.43737559624965255,1.1482806893650364
IXI148-HH-1453,HH,0,0,1.206178095946257,0.41508606251050245,1.0186826855182933,0.4637780382603936,1.1115882631407776
IXI150-HH-1550,HH,0,1,2.1554929082728984,0.5273614509515815,1.2699262160975822,0.5066938302523194,1.2158350129372484
IXI151-Guys-0793,Guys,0,1,1.1834665063890446,0.38923883492911954,1.0015944772870484,0.3899726063060575,1.0024370579028026
IXI153-Guys-0782,Guys,0,1,2.20808121346792,0.42668366843130395,1.0376749930836604,0.4223051147818282,1.0717995863933827
IXI154-Guys-0821,Guys,1,1,1.2252600012066746,0.39411702775267266,1.001268119078475,0.38543793958456757,1.0001648926530193
IXI156-Guys-0837,Guys,1,0,1.6790392429640837,0.4012867303869896,1.0175105286418895,0.40333889799842476,1.013830968106947
IXI157-Guys-0816,Guys,1,1,1.7349746353821422,0.43210727008741834,1.037682578281763,0.45359586459176376,1.0620996502578108
IXI158-Guys-0783,Guys,1,0,2.0016849262293506,0.44943087653461467,1.0438055151044985,0.38625237946182694,1.0073607091972394
IXI159-HH-1549,HH,0,1,3.103960341363907,0.43643626666396085,1.1222145217449715,0.442378061159426,1.1013868344194697
IXI160-HH-1637,HH,1,0,1.4161921194867595,0.3919754462350368,0.9966224616265906,0.38253931859063467,1.0138348730758375
IXI161-HH-2533,HH,1,1,2.3912752957965293,0.46792888919564024,1.1834208020591102,0.45244019203413127,1.1956024031246923
IXI162-HH-1548,HH,1,0,1.3145342625547876,0.3995615045341831,1.0463158883639667,0.4058282998122779,1.0969478378370674
IXI163-HH-1621,HH,1,1,2.3324191126716363,0.4074315764000217,1.0433152585549803,0.41613250118715034,1.1061677970436485
IXI164-Guys-0844,Guys,2,0,1.899936379052364,0.4456376829224692,1.14809601232122,0.4405196863940477,1.1058956859757232
IXI165-HH-1589,HH,0,0,1.5483184476229195,0.3918117790238864,1.0175170841161314,0.3680653472821156,0.9863287537425695
IXI166-Guys-0846,Guys,1,0,1.17030653055203,0.38995942424644436,1.0076551773009328,0.38425469584153704,1.0003420365014501
IXI167-HH-1569,HH,1,0,2.583379952690521,0.4488391847955767,1.0455679741519797,0.42162154973173727,1.0676667033864344
IXI168-HH-1607,HH,0,0,1.7376938854623636,0.3780787503246569,1.0031507854602515,0.37272138647433484,0.9921629195733924
IXI169-Guys-0842,Guys,1,0,1.9301158130560365,0.42225832908162675,1.1953492555734895,0.42229556129042967,1.2190911693788136
IXI170-Guys-0843,Guys,0,1,0.9605020916077965,0.4009397524393956,1.0045919548854652,0.3866159010503644,1.0094212117427022
IXI172-Guys-0982,Guys,0,0,3.4450093782688125,0.48550850186385064,1.4392545394651226,0.4679930754606796,1.341063858967222
IXI173-HH-1590,HH,0,0,1.8175356565561092,0.38722375361900213,1.0243633036725843,0.37951891030834783,1.0039141032722654
IXI174-HH-1571,HH,1,0,1.9636081767876674,0.4359653511316113,1.1991139976800067,0.42235115334336704,1.16124838462799
IXI175-HH-1570,HH,1,0,3.2973157407490863,0.648575955449367,1.7884833711101606,0.6271684291802649,1.8274054546605445
IXI176-HH-1604,HH,0,0,2.5154838822667713,0.4981499871194367,1.151209117974199,0.494020232663182,1.2145482109360088
IXI177-Guys-0831,Guys,0,1,1.9141537148317938,0.37083705222170305,1.0001567511478329,0.3745384813646871,0.9995546210969959
IXI178-Guys-0778,Guys,0,0,0.9472892625759742,0.3902450077224244,1.016061420742994,0.4002306526199405,1.0737817822359033
IXI179-Guys-0777,Guys,0,0,2.4964871660184387,0.38774609198680743,1.0051466093822845,0.3815470802805147,1.0188305445737942
IXI180-HH-1605,HH,0,1,1.7008748964624025,0.40330293699088,1.0512623135220636,0.40887393322666116,1.0372162526840714
IXI181-Guys-0790,Guys,0,1,2.646941694167806,0.43263608710033447,1.1384964737424745,0.4505696951021615,1.1787804538173807
IXI182-Guys-0792,Guys,2,1,1.2191134694812034,0.3651614545644886,0.9759269417272771,0.36336460117399044,0.9798395845107924
IXI183-Guys-0791,Guys,0,1,1.2131599118525336,0.36843485979716906,0.9642160289553413,0.3842340132193492,0.9990747510691487
IXI184-Guys-0794,Guys,0,1,1.39317370201053,0.4056924403605366,1.0799367555562152,0.3871475661356236,1.078621049042199
IXI185-Guys-0795,Guys,1,1,2.4602814011724687,0.4761661675578816,1.13942621119939,0.38977962355118245,1.0093238154636999
IXI186-Guys-0796,Guys,1,1,0.6640928289487443,0.36920312147664147,0.9856729110367587,0.36670698154874043,0.9739133715727493
IXI188-Guys-0798,Guys,0,0,1.7778105671114472,0.409785586064014,1.12429527805769,0.39904145427459725,1.1081761528102603
IXI189-Guys-0799,Guys,0,1,1.3077767771146716,0.4307771705695547,1.115461201751583,0.4150031277521782,1.143660703830257
IXI191-Guys-0801,Guys,0,1,1.1096676381390675,0.4017260484124635,1.0455433590537302,0.42380701974824037,1.038417577922631
IXI192-Guys-0878,Guys,0,1,1.4971425088984394,0.4011815876905185,1.082803708314589,0.42245785156139765,1.1019557954971515
IXI193-Guys-0810,Guys,1,1,1.6658313036773806,0.3929526005161171,1.0101511673571768,0.3945477676708341,1.0544998162829198
IXI194-Guys-0818,Guys,0,0,1.3921544043942744,0.39142839695564263,1.0471288936972418,0.39114776515462873,1.0361368762272227
IXI195-HH-1620,HH,0,0,1.6453741448179333,0.4287675003427955,1.08698626780405,0.4315608783618508,1.0891133179206711
IXI196-Guys-0805,Guys,1,1,0.8187098159581457,0.3843031406065106,1.0347977066660312,0.39276441889357355,1.0268909642133432
IXI197-Guys-0811,Guys,0,0,1.2004652478648337,0.42523247700484484,1.0416686568502098,0.45567872517878616,1.0868382600438715
IXI198-Guys-0803,Guys,0,0,2.60562833629062,0.37841233533293617,0.9883892958235287,0.3685950822475802,0.9832595887341322
IXI199-Guys-0802,Guys,1,1,1.4475367743669272,0.38478370943125917,0.995238508955658,0.37830480728117977,0.9911874089027146
IXI200-Guys-0812,Guys,0,0,1.2769244822178276,0.40926646289697366,1.0047722059964312,0.40512372868395047,1.0437533928590443
IXI201-HH-1588,HH,0,1,1.4785979608131534,0.4203379453239485,1.0561814204579112,0.39577722489536443,1.0608153886801
IXI202-HH-1526,HH,0,0,1.979658725443442,0.4492959873141055,1.2148563911398382,0.44187701342657437,1.2603474028516888
IXI204-HH-1651,HH,1,0,5.482053379871138,0.4896034303410334,1.5738242461844465,0.471270322870754,1.6487715097775486
IXI205-HH-1649,HH,0,1,1.9710881920563579,0.4175441202595499,1.0356931353527523,0.40410912249364617,1.0244498803041178
IXI206-HH-1650,HH,0,1,2.33166345552793,0.4006461570620617,1.0579116989723725,0.4127988079661866,1.1117917636108143
IXI207-Guys-0809,Guys,1,0,1.3719780008280145,0.3684134751039152,0.9650673880439757,0.37931174389397926,0.9908753304774722
IXI208-Guys-0808,Guys,1,1,1.9483219098770344,0.3721855907395896,0.9811646067444325,0.3726471177052733,0.9779708849828233
IXI209-Guys-0804,Guys,1,0,1.618373664003274,0.38860872106628436,1.0030988971150607,0.4012371750076967,1.0483360214176403
IXI210-Guys-0856,Guys,0,1,1.7377697145650903,0.4253992087543997,1.0332976748316682,0.3897831168495315,1.0004447057939676
IXI211-HH-1568,HH,0,0,2.885210899726555,0.40429878896227167,1.0544120083077915,0.4034110797923725,1.0475897871437825
IXI212-HH-1643,HH,0,1,1.5259579268941597,0.43590329876710576,1.2164989849165984,0.44561542243172075,1.1841237060868688
IXI213-HH-1642,HH,0,0,1.056268654427818,0.3948098071306573,1.0139577938598197,0.39511132197103843,1.0319374540383897
IXI214-HH-1636,HH,0,0,1.501667544681037,0.4053962092942944,1.0749474107788848,0.40512313672822275,1.0530133954921754
IXI216-HH-1635,HH,1,0,2.3198225183072934,0.3966632602271723,1.0003088773073974,0.3768871284657553,0.9959790088126658
IXI217-HH-1638,HH,1,0,1.5664618510252148,0.38911264075094865,1.00074402359751,0.38649391523324533,1.0023496725363217
IXI218-HH-1815,HH,0,0,1.3974966569423999,0.4437942385590832,1.101474329442509,0.4580930941902382,1.098867934049027
IXI219-Guys-0894,Guys,0,1,1.7113586159131817,0.4425649008971147,1.1646162018668362,0.4419278695638275,1.1510568732967266
IXI221-HH-1606,HH,1,1,2.2687269786459,0.4323848447060166,1.2664392441219465,0.43851892349307436,1.282960303676362
IXI222-Guys-0819,Guys,1,1,0.9120298377067323,0.40013778912682385,1.0038648992867443,0.39860114804813496,1.015054106142287
IXI223-Guys-0830,Guys,1,0,1.1719160326372047,0.39481830935239953,1.042579646405038,0.3959461569966748,1.0447132272560868
IXI224-Guys-0823,Guys,1,0,0.6478389954365618,0.38586768082174394,0.9788309712443535,0.3716522720639845,0.9774476082907098
IXI225-Guys-0832,Guys,0,0,1.2175523504425174,0.40998445120820487,1.0162794283850771,0.39980713703791043,1.022158254302844
IXI226-HH-1618,HH,0,1,1.1680217648626576,0.43284253524063876,1.1073744744990166,0.4117326415240882,1.118487850067099
IXI227-Guys-0813,Guys,0,0,0.9494177331489875,0.4605341219854198,1.1463833290990058,0.49560025139077046,1.1559529530101431
IXI229-Guys-0980,Guys,1,0,2.5093643242787933,0.41570424570152814,1.1876629150211624,0.4430328131150374,1.186838773259059
IXI230-IOP-0869,IOP,1,1,1.2226703328940975,0.45066800691413855,1.042986262562448,0.4520351040615304,1.1084372610126212
IXI231-IOP-0866,IOP,0,0,3.4239930915193986,0.44141731326622613,1.296734793871658,0.43581124976844665,1.3093135196014813
IXI232-IOP-0898,IOP,1,2,2.012704317119109,0.4978752424757619,1.068648720002202,0.4728120107665174,1.068169866638422
IXI233-IOP-0875,IOP,0,1,2.4334059817052034,0.44939830927795393,1.079466858892056,0.4301188527170174,1.118014136676997
IXI234-IOP-0870,IOP,1,1,1.0830868278733654,0.4744503281690734,1.0888375319134436,0.46452884915702125,1.1600703483471841
IXI236-Guys-0817,Guys,0,1,1.9226590890507131,0.45658773378109196,1.2864631850016155,0.4408367033305468,1.237801707205026
IXI237-Guys-1049,Guys,1,0,2.7003209001052713,0.4194532842654757,1.1853442372001939,0.4318293556358893,1.113846952034747
IXI238-IOP-0883,IOP,1,1,1.7010203338455794,0.40881405582246455,1.1302922995413223,0.41153786401866144,1.155840466305327
IXI239-HH-2296,HH,1,1,1.9176829645523779,0.4009690595505963,1.0231923936534852,0.38962358347743115,1.0148650943207127
IXI240-Guys-0834,Guys,1,1,1.2817967537473476,0.40192830560803156,1.0975264342495945,0.4002862414700836,1.0955358467644327
IXI241-Guys-0833,Guys,0,1,2.2516087542020657,0.3948967813723313,1.0691592010800677,0.38498687292641703,1.0260024689333087
IXI242-HH-1722,HH,1,1,1.7933790377847179,0.39667225034721304,1.044844676520683,0.3832105236440792,1.0417769781052
IXI244-Guys-0841,Guys,0,0,1.4102387259837308,0.37141430721299806,0.974647882586354,0.3704746877305048,0.9728503410061405
IXI246-Guys-0840,Guys,0,1,1.0480522339038345,0.4701645130358162,1.1020333962799422,0.46288622460394513,1.1351321197864626
IXI247-Guys-0838,Guys,0,1,1.545746328971555,0.39073403411847774,1.0364003532991712,0.40791295244946446,1.0775776073410945
IXI248-HH-1972,HH,0,0,1.4663037431644317,0.42031100211579914,1.0521769659652858,0.39784977995488535,1.037424228192581
IXI249-Guys-1072,Guys,1,1,1.7547231934074812,0.3976989776728017,0.9907567290785332,0.36924388660025714,0.9810663369523841
IXI250-Guys-0836,Guys,1,0,1.8292691552355742,0.41012229097545877,1.0394947134369963,0.3716355050339956,1.002186257676511
IXI251-Guys-1055,Guys,1,0,1.8198155878174491,0.45100812489475817,1.2737074405294773,0.48656446063308717,1.1345589016824198
IXI252-HH-1693,HH,1,0,1.9935234466440213,0.4612353022620749,1.3193289014640013,0.48463462972450716,1.2479688265338764
IXI253-HH-1694,HH,0,0,2.0291173997301146,0.4618560640520188,1.1852942166650375,0.41873587240588583,1.2207062754900833
IXI254-HH-1705,HH,0,1,1.9106662730368968,0.4092609343156922,1.0388253430326175,0.37887779601909477,1.0075571598409971
IXI255-HH-1882,HH,1,1,1.6906050979580474,0.39808067833961003,1.0798744162859635,0.4101898131633304,1.1243792063165583
IXI256-HH-1723,HH,0,1,2.146072360005449,0.45429544332958854,1.1581031338253198,0.42380377077677533,1.1823866861128067
IXI257-HH-1724,HH,1,0,2.031918821576341,0.4786525505784489,1.2452788689078216,0.4534695461230983,1.3102198086116685
IXI258-HH-1769,HH,0,1,2.4952254703082333,0.4318642553346372,1.1025075091001193,0.40476545297590427,1.0607697807294558
IXI259-HH-1804,HH,0,1,2.4922669623071436,0.4061202041896881,1.0916543365118285,0.40837417396159315,1.1298197702729058
IXI260-HH-1805,HH,0,1,1.4655942394581272,0.3979414851522435,1.0314702580733996,0.38984985619307894,1.0184840996779132
IXI261-HH-1704,HH,0,0,1.6802336522737047,0.38826862853386357,1.0210593575232654,0.4283599661323823,1.1317315263041192
IXI262-HH-1861,HH,1,1,1.247370799310908,0.422451817789597,1.0910862971726445,0.4043869743164106,1.0458020676887008
IXI263-HH-1684,HH,1,0,1.5592031626820406,0.3927552590433718,1.0260019931015436,0.4028153549051737,1.0643669751147375
IXI264-Guys-0854,Guys,0,1,1.0892662208585524,0.4996899571640382,1.0696244645404147,0.49003907690206644,1.082500598276495
IXI265-Guys-0845,Guys,0,1,2.4136811231124047,0.46425233559887397,1.0406213658524814,0.4237659872638521,1.0461398050863058
IXI266-Guys-0853,Guys,0,1,1.8999173138280816,0.4352712171567801,1.1263155877717506,0.4432848485103739,1.1373193384055076
IXI267-HH-1772,HH,0,1,1.3877693934172781,0.38823423739831864,1.0095910449211813,0.39904916275666197,1.013242166293951
IXI268-Guys-0858,Guys,1,1,1.629987214891092,0.38980373811934216,1.0447313407261332,0.3922907904194364,1.0705422641897842
IXI269-Guys-0839,Guys,0,1,1.68785445205401,0.3959845584947761,0.9986879129201155,0.3673354562692424,0.9685385546119646
IXI270-Guys-0847,Guys,1,0,1.4821572239651448,0.41216276247121303,1.0590367946910715,0.4061909157516919,1.0330065719569541
IXI274-HH-2294,HH,0,0,2.154854716902383,0.4560662457061849,1.0418016263422056,0.39241508822994947,1.0071734621227169
IXI275-HH-1803,HH,0,0,1.6751399636941469,0.4015084197107837,1.048359925841326,0.39295431470603304,1.0083552337396107
IXI276-HH-1840,HH,0,1,0.9536327268341814,0.38571655189168347,1.021110075191223,0.40429220134927546,1.0188920359495053
IXI277-HH-1770,HH,0,0,2.215204599704639,0.4072993663226324,1.0705295155602914,0.4010945061263058,1.0742326507648567
IXI278-HH-1771,HH,0,1,2.136296067230957,0.4718325836386648,1.1953428075032828,0.4492925284899907,1.1488563246927643
IXI279-Guys-1044,Guys,0,0,1.6643186064723856,0.42356517084905426,1.0139063413244347,0.4142571050745566,1.008969124582888
IXI280-HH-1860,HH,0,1,2.7823623422804706,0.45052601666171954,1.2323759540341357,0.45046129826820674,1.2313578607772615
IXI282-HH-2025,HH,0,1,1.0028010470949957,0.3860540237617765,1.0065470497531406,0.4030011589744635,1.0154526517241718
IXI284-HH-2354,HH,1,1,1.4102903654857784,0.43129037678279114,1.139181915971244,0.43191573682732654,1.1039658297747281
IXI285-Guys-0857,Guys,1,1,2.2179896567060373,0.38288732248377305,0.9982387015868094,0.3801429932522569,1.0055135530836066
IXI286-Guys-0859,Guys,0,1,2.042417611093976,0.39770262091867076,1.0461254638638529,0.4096159048958043,1.0394870551565627
IXI287-Guys-0863,Guys,1,0,1.112466174696992,0.3979202838837091,1.0652003075295995,0.39876341818894095,1.0496204056680611
IXI288-Guys-0879,Guys,2,0,1.2969599433765022,0.4320320554787975,1.1775613818627213,0.41126578823524457,1.1411753172671963
IXI289-Guys-0864,Guys,2,1,1.6235147330038835,0.4082976861599288,1.0547718357174394,0.41206758684655875,1.0540652739460472
IXI290-IOP-0874,IOP,1,1,1.094934923148464,0.40554254743956053,1.035681442827149,0.39768037102060516,1.0384930180154937
IXI291-IOP-0882,IOP,1,1,1.3341534460733937,0.39690749332586545,1.01490967826515,0.3888035099998578,1.0487266218483247
IXI292-IOP-0877,IOP,1,2,5.473771832442798,0.7157819260237814,2.364872023149861,0.7251444510089059,2.495324315722345
IXI293-IOP-0876,IOP,1,1,1.361630284372473,0.42018975534446434,1.057637267134368,0.3830953152864752,1.028718423351241
IXI294-IOP-0868,IOP,1,1,1.146023733958568,0.4208171085377511,1.0205354325849803,0.40917508250201723,1.013798333622773
IXI295-HH-1814,HH,0,0,2.055064276488737,0.49939884763510967,1.1705171991861887,0.503575999691087,1.1596894571359315
IXI296-HH-1970,HH,0,0,1.8692301623032195,0.44708484615032035,1.228530522964779,0.46868042566692536,1.204734933846467
IXI297-Guys-0886,Guys,1,0,1.3616936152765462,0.39969083793629495,1.0273339615764114,0.39955383768859,1.056406989916707
IXI298-Guys-0861,Guys,0,1,1.6105651119298325,0.4169565517347135,1.1663003174407884,0.4196122080210848,1.1868775710287285
IXI299-Guys-0893,Guys,1,0,0.6039669990957828,0.37872318114028747,0.9913150160775427,0.3785998513913626,1.0019841584201585
IXI300-Guys-0880,Guys,0,0,2.022414134209909,0.37372262732261563,0.9709487928836331,0.3711823756534384,0.9793461603817348
IXI302-HH-1883,HH,0,0,2.5165134129351863,0.40490967864161237,1.056414481144756,0.4049791598872046,1.0860323351193952
IXI303-IOP-0968,IOP,0,1,0.8878753931794447,0.4878085376817712,1.0348095257767629,0.4796072629979556,1.0542028869934543
IXI304-Guys-0862,Guys,0,1,0.9898125111715118,0.4484724271634077,1.0313173185571682,0.4317948756612418,1.0299029958230133
IXI305-IOP-0871,IOP,1,1,1.5313445096586233,0.37517077552471023,1.000049247709258,0.3753331007766216,1.001348481092963
IXI306-IOP-0867,IOP,0,1,1.0862440927954529,0.4412795499610662,1.135504545191305,0.4399185587331672,1.1630727413480995
IXI307-IOP-0872,IOP,0,1,1.1507112261478334,0.3785992496778716,0.9937751648406339,0.3887525796500568,1.0025958417651404
IXI308-Guys-0884,Guys,1,1,2.5482267049173197,0.4194661888211206,1.0964064588416986,0.4262618539921759,1.104448146687316
IXI309-IOP-0897,IOP,0,0,1.8441922272964888,0.3767117128557183,0.983996694560128,0.3795665913298136,1.000044441473154
IXI310-IOP-0890,IOP,0,0,1.092941328177177,0.375103154011169,0.9745235997297765,0.371757869315008,0.9766425624523121
IXI311-Guys-0885,Guys,2,0,1.2232747114740443,0.384079519265934,1.0080334495735772,0.3783873575638803,1.0076867555827191
IXI312-Guys-0887,Guys,1,1,1.3261716085878112,0.39070936143081236,1.010763434299331,0.3815264649213203,0.9924773835418952
IXI313-HH-2241,HH,0,1,2.2904353071315624,0.4980313679841836,1.262485386608507,0.4776936410662555,1.224655766776938
IXI314-IOP-0889,IOP,0,1,3.162517742745852,0.4933786373234753,1.2797327863604397,0.4849393906954075,1.3144414244285205
IXI315-IOP-0888,IOP,1,1,2.023348194743671,0.450997673355881,1.019997103815807,0.41454126660132873,1.0103768674781866
IXI316-HH-1862,HH,0,1,2.3571288792112055,0.4192249364284292,1.133623379247778,0.42942227814678047,1.1460649507331973
IXI317-Guys-0896,Guys,1,1,1.4379069134737223,0.39824524123627714,1.0952781004638767,0.3978681182387736,1.0907347991476517
IXI318-Guys-0895,Guys,0,1,2.129997048936663,0.39321475412057477,1.0161217274034824,0.4006421840166644,1.009627116990378
IXI319-Guys-0901,Guys,0,0,0.9961455868820075,0.39125811585379855,0.9929843209343655,0.3806107791884903,0.9817561134700563
IXI320-Guys-0902,Guys,0,1,1.0740741244408833,0.4067589263975538,1.052652954413476,0.3967604148668122,1.0515991701699638
IXI321-Guys-0903,Guys,0,1,1.3852177226974596,0.4076357038889378,1.0783688272626737,0.40861330492207276,1.0828846524477742
IXI322-IOP-0891,IOP,1,1,1.4316226652414612,0.43780149049977884,1.067659145108871,0.4209611257694007,1.0944478541787759
IXI324-Guys-0922,Guys,1,1,2.0407715732781386,0.3922413254276413,1.0205793702210364,0.3761071455189926,0.9978688216209827
IXI325-Guys-0911,Guys,1,2,20.383319337252058,0.5356344495327768,2.946060301903878,0.5390633376085523,2.913797090589966
IXI326-Guys-0907,Guys,1,0,2.4861168469803485,0.4959912861274232,1.3222101158217314,0.47657473009480705,1.3595859908402268
IXI327-HH-1999,HH,2,0,1.4678964755334711,0.42590260426791915,1.0269077421031447,0.3775014952710765,1.0059085494839963
IXI328-HH-2295,HH,1,1,2.3139786636024433,0.43020653602484304,1.1462110139855735,0.42302421073366087,1.1307398988637063
IXI329-HH-1908,HH,0,0,2.0162579426536937,0.4046464436944187,1.0548431609446716,0.3986250553429949,1.0382117499540853
IXI330-Guys-0881,Guys,1,0,1.7004334565577175,0.3856041358978954,0.9964953013716963,0.37306284073362067,0.9786677562718621
IXI331-IOP-0892,IOP,0,1,1.0477994069148522,0.3887858787192539,0.9885796329767468,0.37754369867862003,0.999410153346399
IXI332-IOP-1134,IOP,0,1,1.5855349017012355,0.470201784472353,1.0510189418952125,0.4573425436786622,1.1128946494665723
IXI334-HH-1907,HH,2,0,1.468046133810466,0.4211795803562371,1.153313835099355,0.43692917884568633,1.2061793691666627
IXI335-HH-1906,HH,1,1,2.391269128366561,0.4492756534316644,1.0424707978702437,0.41389914760691326,1.0329430470443104
IXI336-Guys-0904,Guys,1,0,2.385829668719757,0.3910926940239151,1.0242938782940048,0.37303837032750115,0.9867099247208853
IXI338-HH-1971,HH,1,1,2.1090509058470532,0.44413539835481486,1.3449619499416285,0.46150443866362767,1.3478065859432142
IXI342-Guys-0909,Guys,1,1,1.3812470450493226,0.41061916328890147,1.0870837119214254,0.4212379148464994,1.114606717013902
IXI344-Guys-0905,Guys,1,0,2.1650821571614918,0.40474060302578213,1.1835719809986802,0.41126092963133853,1.2247563662437755
IXI348-Guys-0910,Guys,0,0,1.0368054264250377,0.4029054231068444,1.00596035186113,0.3956861600694235,1.020262633878179
IXI350-Guys-0908,Guys,0,0,2.6923757807060147,0.4188331165463828,1.0587447870966278,0.4034299918646691,1.0272351437675324
IXI351-Guys-0914,Guys,0,1,2.5037440342101016,0.4126267679217316,1.1965525258385898,0.4176953783563798,1.2196011799901814
IXI353-HH-1996,HH,0,0,1.8930386312765273,0.4043722239970506,1.0923350466488435,0.40308464829021745,1.1070252304621258
IXI354-HH-2024,HH,1,1,1.8198227068127626,0.3987520232580163,1.0955839646510215,0.39710489437392205,1.0864256278227544
IXI356-HH-2049,HH,1,0,2.0000630049072647,0.4150429789447306,1.0964035256031455,0.41594571810315895,1.1688373651979016
IXI357-HH-2076,HH,0,1,2.510674968384992,0.45500653309353833,1.369849288242238,0.463552670065035,1.3126775251978828
IXI358-Guys-0919,Guys,1,1,1.106855495585985,0.4054269673980586,1.0293699465457815,0.4029429148697174,1.0462178225897838
IXI359-Guys-0918,Guys,0,0,1.3345433304395746,0.38531164485542824,1.044278493470856,0.3900679045914708,1.0098206488503803
IXI360-Guys-0912,Guys,1,0,1.5738387113627423,0.4139237087760332,1.014803061719778,0.41966184438035464,1.0468948886940401
IXI361-Guys-0913,Guys,0,1,2.2073820869048797,0.4666633420794608,1.0539579226798481,0.4854931154639647,1.1166125060902565
IXI362-HH-2051,HH,0,0,1.4907002417405186,0.4964707265034223,1.2109424412207033,0.4948607314700372,1.2494828580398498
IXI363-HH-2050,HH,1,0,2.1593018485222553,0.4231759066982334,1.0370410776969137,0.4120631379549313,1.0599060379777534
IXI364-Guys-0920,Guys,0,1,1.6659895642987665,0.40148827566019013,1.0128575544410583,0.38457529813241514,0.9882424335738348
IXI365-Guys-0923,Guys,2,1,1.607725119985747,0.4092481844224562,1.0662021253036171,0.3877376020581776,1.0470508708495152
IXI367-Guys-0917,Guys,0,0,1.7774802661852875,0.38558204385388,1.0014672010303145,0.38306388183831025,1.0034566997669356
IXI368-Guys-0916,Guys,0,1,1.261388099470228,0.40159723338383274,1.0584481455519492,0.39129019133509635,1.071631725358923
IXI369-Guys-0924,Guys,0,0,1.0359600323348483,0.3852633943862801,0.9893151788794444,0.3867094966336109,0.9937083021393809
IXI370-Guys-0921,Guys,0,1,0.9471824142222763,0.3871305078790985,0.9879216854707433,0.3774407560908801,0.9935054960667491
IXI371-IOP-0970,IOP,1,1,1.5039539552008874,0.4215263334653688,1.134206959145424,0.4266258027606987,1.214832441065145
IXI372-IOP-0971,IOP,0,1,3.0044460518524194,0.4597042753395838,1.2214763812477964,0.4433928086212716,1.1959864259753445
IXI373-IOP-0967,IOP,1,1,1.4890541789495098,0.42535048279296156,1.048725609525429,0.4259666030030887,1.0520128111428941
IXI375-Guys-0925,Guys,1,1,2.229329115657632,0.43016110368048327,1.1409308136973488,0.4192537082860079,1.1489035889675452
IXI376-Guys-0938,Guys,1,0,1.742090127551302,0.4184980278609744,1.1058217740980456,0.43995801626889697,1.037268433457404
IXI377-Guys-0937,Guys,1,0,1.7034579915545613,0.3781433764974167,0.9947444372338816,0.39425028886893154,1.0377812555483341
IXI378-IOP-0972,IOP,1,1,1.592477690542686,0.4636012227114794,1.1299278005936517,0.45369996447007743,1.1581842763362544
IXI379-Guys-0943,Guys,0,0,2.318634502420212,0.40856156967429075,1.0105885957988288,0.38613383448889826,1.0114568656920675
IXI380-Guys-0944,Guys,1,0,3.8735420638978875,0.47031932785399305,1.5826143634017575,0.4522161104730257,1.6129893466321465
IXI381-Guys-1024,Guys,0,0,1.068158551192596,0.42096164715960666,1.0548210189737635,0.40777174613316164,1.029916803649329
IXI382-IOP-1135,IOP,1,1,2.121470162710703,0.41641925256506324,1.0891611148520302,0.45082229944411867,1.2144379448947902
IXI383-HH-2099,HH,2,0,2.062343764725175,0.4123646130173872,1.025174294586193,0.3817790801216716,1.0036544186951046
IXI384-HH-2100,HH,0,0,2.2749431689557165,0.4335914255360238,1.0491696000978263,0.3974342448877816,1.02758416141664
IXI385-HH-2078,HH,0,1,1.58618891602001,0.41788048160754543,1.0508025783781956,0.40212198070913396,1.0664118998659546
IXI386-HH-2077,HH,0,0,1.856114835376545,0.43701768086588094,1.174555966286623,0.42545946752478725,1.1894515338690876
IXI387-HH-2101,HH,0,1,1.357725870579666,0.391792901284389,1.0325336268721261,0.3893321241242958,1.0189371462833747
IXI388-IOP-0973,IOP,0,0,2.159252455344542,0.39178184804853383,0.9967700203613351,0.42576151364292975,1.0914533341018822
IXI389-Guys-0930,Guys,0,0,1.497077331050574,0.4136786130134744,1.1005010885117295,0.4062780304326675,1.095559644128337
IXI390-Guys-0931,Guys,0,0,1.240411488295074,0.37745274521899025,0.9706840226767296,0.40248963278908884,1.010147224122032
IXI391-Guys-0934,Guys,1,0,1.8020285818554571,0.3934455192453585,1.024648222480843,0.38756144657188585,1.0057816070031023
IXI392-Guys-1064,Guys,1,1,1.3153209362739775,0.39159748433907676,0.999266783470867,0.3794767078541137,0.9846265458995817
IXI393-Guys-0941,Guys,1,0,0.660785492299857,0.3751115854121829,0.983721874890126,0.37231083434018847,0.9789607213412805
IXI394-Guys-0940,Guys,0,0,2.365077240998075,0.41630008198316154,1.114721445732176,0.4137951545529092,1.0851602563589464
IXI395-IOP-0969,IOP,0,0,3.0243384527073824,0.41378030708465385,1.0403330804646114,0.4046657688816625,1.027923282735078
IXI396-HH-2115,HH,0,0,1.9493440378353333,0.38611105985395183,0.9979078041175505,0.3822937740971355,1.0252576025110016
IXI397-Guys-0953,Guys,0,1,0.859664919992141,0.37693325346916795,0.9999270990099818,0.37568566812890464,0.9856984070910944
IXI398-Guys-0952,Guys,0,0,2.0578684188249627,0.42518923340771647,1.0833884225826127,0.44584511671914445,1.1110475583050656
IXI399-Guys-0966,Guys,1,0,1.191663071666416,0.41089690450875793,1.0624162632212004,0.4167714777763761,1.0915487455906414
IXI400-Guys-0977,Guys,0,1,2.06725925430392,0.4571588166099644,1.1060365660981564,0.4351852702170426,1.0952285999245037
IXI401-Guys-0978,Guys,0,0,0.9937147247922933,0.44225372162059934,1.0512705197679766,0.4393464555934241,1.0468127272118202
IXI402-Guys-0961,Guys,1,0,1.5317147329806384,0.40817976685639323,1.051195501076309,0.414027759693252,1.081317014062001
IXI403-Guys-0965,Guys,1,0,1.6920094285116638,0.43985665947349556,1.1389448169614762,0.46057335842495467,1.1760161662810602
IXI404-Guys-0950,Guys,1,1,2.024647996883152,0.44559725816088774,1.0979294436693006,0.44176234232344697,1.1227520655760252
IXI405-Guys-0948,Guys,1,1,0.7229193672526074,0.40346337255370607,1.0420960403397461,0.4015343633949244,1.059572100452883
IXI406-Guys-0963,Guys,1,0,1.0942039720491004,0.4519059800273228,1.0758708124803256,0.4727105799513188,1.1042305606799023
IXI407-Guys-0964,Guys,1,2,20.514448962014892,0.5510067599263261,2.7470070170572525,0.5682329655159086,2.5463412159963155
IXI408-Guys-0962,Guys,1,0,1.6292723154137767,0.40919409859420525,1.0098664268906872,0.4015047296230071,1.003135461996977
IXI409-Guys-0960,Guys,0,0,3.0003571283610624,0.4738945603088662,1.5264973548646352,0.4480195873671821,1.430299648358988
IXI410-Guys-0958,Guys,0,0,0.9697167321989433,0.3833839704534009,0.9921905201394671,0.3827491955608003,1.0017988076246938
IXI411-Guys-0959,Guys,0,0,1.0078068590100768,0.3784478491240857,0.9712418504771371,0.37419441735803144,0.9802931926273482
IXI412-Guys-0949,Guys,1,0,0.5811421531519099,0.37568787287584154,0.9805670840255566,0.36878790545127316,0.9712861853012991
IXI413-Guys-0955,Guys,1,0,1.5602899833026103,0.3910268937547722,0.9985186442723597,0.381573950759477,1.00179365418219
IXI414-Guys-0957,Guys,0,0,0.9431482833038846,0.4154705418130672,1.0224827250294348,0.4099949819108048,1.005996757321951
IXI415-Guys-0942,Guys,1,0,2.030385243065502,0.41956841961834834,1.1156463947944641,0.3895095307414523,1.0856747214350135
IXI416-Guys-1051,Guys,1,0,0.7584570607167266,0.39854641825346204,1.0494309914133466,0.3923629865222806,1.013438533711167
IXI417-Guys-0939,Guys,1,1,1.1213698855743501,0.42340588809013724,1.0188260616500213,0.415746013322719,1.0030715697470949
IXI418-Guys-0956,Guys,1,0,1.0686608481574122,0.37215473898550094,0.9753837378918735,0.3701692412465715,0.978984307169954
IXI419-Guys-1027,Guys,1,1,1.6925621388744905,0.4364011914265938,1.1133810687176138,0.49540655055989946,1.1612224935527928
IXI420-Guys-1028,Guys,1,0,1.6863115802492712,0.4360154632157696,1.1373495585123004,0.46393514290412263,1.1249603040192173
IXI422-Guys-1071,Guys,1,0,2.1935596700811764,0.3857349466568427,1.0343717787091307,0.38573283344718984,1.0027346427651838
IXI423-IOP-0974,IOP,1,1,1.4515004851522872,0.41303358805408513,1.0875337564817662,0.40807012303235607,1.0664637025610524
IXI424-IOP-0991,IOP,0,1,1.3674564007273424,0.44202300631958685,1.07028554425903,0.4329353635091731,1.10158667181219
IXI425-IOP-0988,IOP,0,1,3.625500369921084,0.5176515515621959,1.4863829798656545,0.5093865101305044,1.5480197754120475
IXI426-IOP-1011,IOP,0,1,1.7765497221665763,0.40385705962882534,1.02224538608408,0.3929439328110305,1.015316611596481
IXI427-IOP-1012,IOP,1,1,2.983311828129951,0.4190737828360134,1.0602804717806724,0.42513982703729897,1.048149356702058
IXI428-Guys-0996,Guys,1,1,1.2738343178131366,0.4098593340819259,1.0313280234325168,0.4092604010567195,1.0576810397217
IXI429-Guys-0997,Guys,1,1,1.5938495471543705,0.406164625221286,1.081264812936425,0.40621521503100955,1.068345354178378
IXI430-IOP-0990,IOP,1,1,2.285612456124867,0.4948132469525813,1.3712432289613798,0.4887141710101554,1.8103512758034686
IXI431-Guys-0986,Guys,1,1,1.0901969253781263,0.4743863307255877,1.111185708953988,0.49088258647885114,1.1328127384373285
IXI432-Guys-0987,Guys,0,1,2.6505426261641802,0.40479351880574577,1.0972763034825104,0.3945695468425435,1.0834927955804972
IXI433-IOP-0989,IOP,1,0,1.3051523726767942,0.39920540141048616,1.0776519550980528,0.41070813897303615,1.0241678885096175
IXI434-IOP-1010,IOP,1,1,0.8272675123490508,0.46173061751168465,1.0684763407757354,0.523102249527029,1.1411611985720924
IXI436-HH-2153,HH,0,0,2.3571067450148524,0.41680779403796203,1.0599047412793374,0.39694826259583377,1.0891962776305941
IXI437-HH-2152,HH,1,0,1.5281198305855976,0.4020714749823337,1.0243359433782775,0.39693497736736005,1.0180647556212261
IXI438-HH-2155,HH,1,1,2.322042929043794,0.43075184960742424,1.1617737939901271,0.442004262263458,1.2084371802892269
IXI439-HH-2114,HH,0,0,1.5244905334863226,0.420284531920682,1.0699198049209069,0.4128042526274697,1.145086353326162
IXI440-HH-2127,HH,1,0,1.5563667612695,0.3853815248031135,1.0351595568019354,0.37686744350161583,0.9962373542242275
IXI441-HH-2154,HH,0,1,1.416215455942937,0.40276952959069917,1.03403444701949,0.4192722127951964,1.0654700249689908
IXI442-IOP-1041,IOP,1,1,3.6640581805811006,0.4001507216939749,1.0420014762413299,0.3926725941011198,1.0066041206350975
IXI443-HH-2215,HH,1,0,2.5748881254941143,0.5061042790640046,1.4435796955716882,0.48560486582704787,1.4510983840046225
IXI444-HH-2270,HH,0,0,2.0997897382166486,0.39639093388352964,1.1146788831065395,0.4024537291371705,1.1715809400809376
IXI445-HH-2269,HH,1,1,1.8609255756968723,0.4096277480283211,1.0431344351284062,0.40256207712576025,1.0441293466646617
IXI446-HH-2325,HH,1,0,1.4283994334835126,0.39976111765094463,1.1007682136176902,0.39764935109008065,1.0960649412305126
IXI447-Guys-0979,Guys,0,0,1.6391086288549785,0.3828261957573247,0.9880790158236697,0.43945859380117896,1.226301001220689
IXI448-HH-2393,HH,1,0,2.286437005281948,0.5031809921296024,1.1992097223679579,0.4198861923159446,1.1649595105094017
IXI449-Guys-1082,Guys,0,1,1.3102624806204426,0.3953566894766925,1.0309409234118054,0.4056001275668487,1.0351746250227845
IXI450-Guys-1093,Guys,2,0,1.3783174531592122,0.41822672753815243,1.106904137619313,0.3854241693680816,1.0342336910329533
IXI451-HH-2212,HH,0,0,0.9294049800930261,0.37725363964871583,0.9915021176150649,0.36904619073890815,0.9725835358190013
IXI452-HH-2213,HH,1,0,1.6643564633648664,0.3838732954989009,1.0172131581331656,0.3769092283804993,1.0309239214401866
IXI453-HH-2214,HH,2,0,3.905402316042786,0.4243617912517489,1.0585377569062362,0.40959252092879517,1.0299947130667484
IXI454-Guys-1083,Guys,1,0,1.9470606950675937,0.3930021213401999,1.0120977305290602,0.3948378095036112,1.0052286026416428
IXI455-Guys-0981,Guys,1,0,2.1167511749088335,0.4373358999869852,1.025658788231818,0.40168173248762495,1.013247941211484
IXI456-Guys-1019,Guys,1,0,1.5005572662854836,0.3673737415892238,0.9823769905853335,0.37510831700533753,0.9769192693136611
IXI458-Guys-0993,Guys,1,2,21.353149315345192,0.567404142580437,2.712581631873322,0.5383950366280319,2.6887537363266922
IXI459-Guys-0992,Guys,0,0,1.7040208193958726,0.396981567029485,1.0224796296959011,0.41306934080698443,1.056089177809056
IXI460-Guys-0999,Guys,0,0,1.4774265262887991,0.39744753415710854,0.999067160588298,0.39259495837951697,0.9871532180988204
IXI461-Guys-0998,Guys,0,0,1.090202322944065,0.37792269854658866,0.985659678186455,0.3736888498026399,0.9887596188611647
IXI462-IOP-1042,IOP,0,0,2.5646227800064083,0.45303822260473753,1.3166186761525356,0.4562522932725709,1.1171901157593012
IXI463-IOP-1043,IOP,1,1,1.3011095480840988,0.3997511026225577,1.0271330061515775,0.37800964377480567,0.9943444820206716
IXI464-IOP-1029,IOP,1,1,2.732564936492681,0.4246098345709554,1.1927826687371939,0.45337742677498777,1.0772451093465336
IXI465-HH-2176,HH,1,1,2.3627894366305355,0.46422347686594845,1.1636365253994998,0.43951488922262666,1.2249058095745746
IXI467-Guys-0983,Guys,0,1,1.47160960200817,0.38888366800593827,1.0142648260694904,0.37881686259816855,0.9858719818292588
IXI468-Guys-0985,Guys,1,1,0.6173058763955015,0.37138324843670617,0.9776022299313745,0.3609569550779734,0.972380453215403
IXI469-IOP-1136,IOP,1,1,2.634294838248644,0.4805895494635097,1.1704582240508856,0.4702532570668889,1.1946494481751067
IXI470-IOP-1030,IOP,1,1,5.133423552748681,0.6212503527425944,1.3646405744967742,0.6025072569500206,1.28635750508758
IXI473-IOP-1137,IOP,1,1,2.0520666969031387,0.40529224671728736,1.0553005845615797,0.44084303447543843,1.0547474818704254
IXI474-IOP-1138,IOP,1,1,3.5263133393392287,0.5118839759286926,1.5898052698828729,0.5055394938439962,1.7046891567269054
IXI475-IOP-1139,IOP,0,1,0.8938978811377652,0.4536459854515098,1.139673260144893,0.43701511754880407,1.1820337024537533
IXI476-IOP-1140,IOP,0,1,2.2249822894488913,0.4864001185870933,1.4263982060815334,0.5357863293911329,1.2679257469258645
IXI477-IOP-1141,IOP,1,1,1.6449249661459078,0.3878616154532068,1.0076031674897128,0.3862950650924477,1.0225035612432154
IXI478-IOP-1142,IOP,1,1,1.861682374011356,0.3864516617977371,0.9956853934801669,0.38298778243226556,0.9931689149436709
IXI479-Guys-1034,Guys,0,0,1.2859487421809817,0.38711192151615,0.9993797757164465,0.3800177510185307,0.998564619160932
IXI480-Guys-1033,Guys,0,0,1.00879136742637,0.3699883260401534,0.9763195563742878,0.3671861682909502,0.9995445998719357
IXI481-HH-2175,HH,1,0,2.2949174179536653,0.4115351698297049,1.0932138250850634,0.3990931458700893,1.086991927564134
IXI482-HH-2178,HH,1,0,5.824917189607486,0.5740606377023121,1.8902823707949445,0.5193983813800364,1.9076279570548018
IXI483-HH-2177,HH,1,2,7.82428159849859,0.4837622591714475,1.6419855107074177,0.46804285504000864,1.6733813813524119
IXI484-HH-2179,HH,1,1,1.9008255872435862,0.4279613430958474,1.0393233992129005,0.41890216809400477,1.0653703901437717
IXI485-HH-2180,HH,1,0,2.7231090732978633,0.4333728803610538,1.075674451014177,0.4242501945609748,1.155007004459787
IXI486-Guys-1005,Guys,1,1,2.273434858324909,0.4404606737425326,1.177386866718009,0.4541168720357988,1.0992479526387
IXI487-Guys-1037,Guys,0,1,3.149759454588998,0.4052165597507522,1.0519690423062997,0.38781739957287287,1.0509106349392798
IXI488-Guys-1015,Guys,0,1,1.2768504507240517,0.41543288158108893,1.056813209399732,0.39686607603070273,1.028923294507741
IXI489-Guys-1014,Guys,0,1,3.605055536247061,0.5259357621247848,1.6330825651887846,0.5070549783296817,1.7809865529527413
IXI490-Guys-1018,Guys,0,0,1.6380375549893793,0.39493548025099834,0.9977298703303192,0.37117989115512195,0.9929504408837888
IXI491-Guys-1032,Guys,2,0,1.1489372345005837,0.38230193106290655,0.9773935195147478,0.37985826410626816,0.9978740004342999
IXI492-Guys-1022,Guys,1,0,1.3557251187896848,0.39864405853157553,1.0171660641897646,0.38356794629863855,0.9837072837751448
IXI493-Guys-1007,Guys,1,1,1.6292814346854028,0.4073876769235576,1.0369838232793511,0.40827091357748496,1.0821990330529425
IXI494-Guys-1008,Guys,1,0,2.2611091299433173,0.44883490122493536,1.3050551862767792,0.4335097572081071,1.2797009429567976
IXI495-Guys-1009,Guys,1,2,21.269322461194463,0.5519732410709479,2.7956041106727367,0.54657883305413,2.7877622331836127
IXI496-Guys-1045,Guys,1,1,2.0204871415419077,0.42214304714948414,1.1447044323293845,0.4100167474741907,1.0918842708757244
IXI497-Guys-1002,Guys,2,1,2.0046789338072752,0.5254548609320485,1.2476241009856153,0.46908154789018175,1.1886340092810728
IXI498-Guys-1050,Guys,0,0,2.10229578657914,0.39862730097367616,1.0480433947330858,0.40287622350506,1.0705943952533663
IXI499-Guys-1004,Guys,1,1,2.040832439502788,0.46909748028032455,1.3104364707668212,0.4281438929522585,1.1543621052003123
IXI500-Guys-1017,Guys,1,0,2.60668568702741,0.42066961455423724,1.0585925425221387,0.3970106842391484,1.0654903934780662
IXI501-Guys-1016,Guys,1,0,1.0993190028580682,0.3948461647901424,1.0242013923915625,0.38833639238022766,1.011599570857162
IXI502-Guys-1020,Guys,1,1,1.4461981938654107,0.3988474866117513,1.0466406535214863,0.41054189294860305,1.078525237230576
IXI503-Guys-1021,Guys,0,1,1.1276837803044213,0.4134800468376239,1.0034710005376115,0.39098188971516895,1.0282326912889763
IXI504-Guys-1025,Guys,2,1,1.7552476544891094,0.39052090732817,0.9906490804347365,0.3718400085806284,0.9780780797079972
IXI505-Guys-1026,Guys,1,1,1.9425612380283879,0.4009413666073085,1.024798372224128,0.3924433190268431,1.012921068529329
IXI506-Guys-1035,Guys,1,1,1.3501107709931386,0.38408878740557917,1.0179970919003805,0.3751389029781863,0.9610211805623656
IXI507-Guys-1036,Guys,1,0,1.420941322730315,0.4209123746586853,1.0704039268979304,0.3863719955984709,1.016810107840475
IXI508-HH-2268,HH,0,0,1.501714489799108,0.4013612788397052,1.0452742796319847,0.41412720161606503,1.0594398220078658
IXI510-IOP-1143,IOP,1,1,1.3567816893819984,0.3837803091891575,1.0093841707611806,0.38010260904788984,0.9829357959694749
IXI511-HH-2238,HH,1,0,1.5992355049065279,0.4251314003034867,1.0264096024041467,0.40963909946742977,1.0773271944608296
IXI512-Guys-1054,Guys,1,0,1.948874302373215,0.40777834285917464,1.101027808796001,0.4022885951422901,1.0570165384255827
IXI515-HH-2377,HH,1,1,2.0041292074736217,0.39324611847209945,1.057791168605482,0.40112958952385647,1.0591413318443466
IXI516-HH-2297,HH,0,0,1.9840834505881377,0.45462782573341015,1.062125351414753,0.45285988428598556,1.1154371063094504
IXI517-IOP-1144,IOP,1,1,2.8708398694031336,0.43331331566170295,1.0550226120502861,0.41948191383146216,1.0643934883880228
IXI518-HH-2239,HH,2,1,1.8075864183272878,0.48012791827180923,1.3357566386718878,0.42987920838321053,1.2528118979279665
IXI519-HH-2240,HH,1,0,1.7009877354411707,0.3872422858680176,1.0088737661309908,0.3824653765497325,1.0104403605707808
IXI521-HH-2353,HH,1,1,1.9528928364138578,0.4220121495643947,1.1341880798801038,0.4144702364889178,1.1433735584444427
IXI522-HH-2453,HH,1,0,1.5938306576881844,0.42596576073082126,1.0579065216280168,0.39508225534975633,1.0570536093547442
IXI523-Guys-1056,Guys,0,0,0.9145922354839046,0.39885686856850233,1.0371407330068498,0.3881805364285374,1.0658758509838828
IXI524-HH-2412,HH,1,1,2.5683635483228775,0.4060279046533251,1.0755167977509448,0.4014845191919127,1.0701505274463055
IXI525-HH-2413,HH,0,1,2.1305898611801206,0.4066485010460202,1.077328958346118,0.4066882838264657,1.0568295757525035
IXI526-HH-2392,HH,1,0,2.578016497405157,0.4039635057073424,1.0874583914878195,0.40973538155682,1.1255017372007852
IXI527-HH-2376,HH,1,2,6.928267451528632,0.4692941175177073,1.45491487892899,0.4638410336659517,1.467065809139936
IXI528-Guys-1073,Guys,0,1,2.441972112278485,0.40367616470831014,1.052997154011191,0.4019163341854032,1.0379949395960693
IXI531-Guys-1057,Guys,1,1,2.5362137481017903,0.434316353777322,1.1030659404912464,0.3925840449892146,1.0361968274738218
IXI532-IOP-1145,IOP,1,1,2.539478004214951,0.45926946598192103,1.1407822733000588,0.4589127012199538,1.192273174802566
IXI533-Guys-1066,Guys,0,0,1.6839714829753027,0.4258652685802682,1.0435389605032745,0.41294693766501805,1.062100948701804
IXI534-Guys-1062,Guys,1,0,1.2497787596501229,0.40315465492457686,1.060128787404754,0.38491538557311905,1.010153353717511
IXI535-Guys-1061,Guys,1,0,0.9570545866193003,0.39188163097880657,1.0265332785225814,0.3849079389928957,1.0469413965970937
IXI536-Guys-1059,Guys,1,0,1.2275448238726512,0.40189229362831613,1.0785181167777074,0.40589524461723436,1.0814557258448538
IXI537-HH-2378,HH,0,1,0.9455303103355348,0.4016531809060123,1.0100994268929666,0.37365099623208087,0.9832141338224651
IXI538-HH-2411,HH,1,1,2.2336916423407294,0.5383268550063571,1.2665380334411651,0.4296785039610033,1.1317733381736539
IXI539-Guys-1067,Guys,1,0,1.7168753690999146,0.4230154520376465,1.0466466354055546,0.3689213651036712,0.9822002110353093
IXI541-IOP-1146,IOP,0,1,1.4041024195595102,0.4349532862148567,1.1646662085298476,0.4266228163328049,1.1903081008595178
IXI542-IOP-1147,IOP,0,1,2.4737883452476304,0.3980585169404619,1.0084202515567502,0.39101545485784617,1.0550086436446233
IXI543-IOP-1148,IOP,0,0,1.8251534546394264,0.43105139609521753,1.106208414297018,0.445925067955945,1.0345720918908239
IXI544-HH-2395,HH,0,1,2.2864366352550727,0.41912001915979297,1.0635767670614509,0.4278945251391647,1.0931851321681976
IXI546-HH-2450,HH,2,0,1.7463202898741845,0.38808725746504413,1.0592329797074045,0.3838469110827238,1.0478453830251968
IXI547-IOP-1149,IOP,0,1,1.9533334479846525,0.4675531885847183,1.1609046414545594,0.4449738096947289,1.169434601708171
IXI548-IOP-1150,IOP,0,1,2.530876082666884,0.3904854565028644,0.9851069558116391,0.3771997899693198,0.9778669382970941
IXI549-Guys-1046,Guys,0,1,2.48321035598273,0.4678917989314378,1.2780438452806195,0.4717739960880281,1.2181890701494724
IXI550-Guys-1069,Guys,1,0,1.5937773165666804,0.44565637179043543,1.059414548311789,0.4702294779196376,1.1100681460025266
IXI551-Guys-1065,Guys,1,0,1.5854900362136901,0.4286924561239726,1.05658094592288,0.3866974706177196,1.0024408787925325
IXI552-Guys-1063,Guys,0,0,1.4550101861223197,0.4035924400565078,1.0124427533562574,0.3896204922768467,1.0120095072417579
IXI553-IOP-1151,IOP,1,1,2.523970802585053,0.4309436523206373,1.0349159405680424,0.4034010390094529,1.0251513590924102
IXI554-Guys-1068,Guys,1,0,2.244016038376482,0.4839423638131559,1.115706363964958,0.4416072204580381,1.0829304591326432
IXI555-Guys-1074,Guys,1,0,2.2947617201639066,0.4503430412096073,1.1307968884261816,0.4294233889330345,1.0666632840226844
IXI556-HH-2452,HH,1,0,1.9177268224911397,0.3906229716919749,1.011339110547097,0.3871495304078021,0.9866012237796008
IXI558-Guys-1079,Guys,1,0,1.1631622534840993,0.4054729943364853,1.0434371257016126,0.4101042179271112,1.0197736134846704
IXI559-HH-2394,HH,0,0,2.231603295150684,0.41591419744205055,1.0321470045277523,0.3949968829432935,1.0567577947647901
IXI560-Guys-1070,Guys,1,0,1.8706926662818164,0.3942629811382355,1.044905416948272,0.39061679175768826,1.0489748617979542
IXI561-IOP-1152,IOP,1,1,1.9181212658947198,0.4373420480224877,1.03736392589717,0.41912290619475984,1.0496063749313351
IXI562-Guys-1131,Guys,1,1,1.620760658196679,0.40931032689941615,1.0070000608748193,0.3934172497364417,0.9967691421513905
IXI563-IOP-1153,IOP,1,1,2.014738478747389,0.587578892775388,1.2775111027086337,0.5778443764832454,1.245446732188213
IXI565-HH-2534,HH,1,0,1.8506835550359226,0.394591109001763,1.0359505329403143,0.39591717602046245,1.00192845909794
IXI566-HH-2535,HH,1,0,2.359278128196486,0.41288158945542675,1.0275211476977317,0.3994508831648141,1.0450122388602483
IXI567-HH-2536,HH,0,0,0.679177743210902,0.38911984404787425,0.9891934725664612,0.3811431358182608,1.0024047348296912
IXI568-HH-2607,HH,1,0,1.9218897032180928,0.38610373118348,1.0191672959654945,0.3891657565252738,1.0065564181972235
IXI569-Guys-1101,Guys,1,0,2.748528398450887,0.3852293385868143,1.0106582660863874,0.38011275187153853,1.0002786125083865
IXI571-IOP-1154,IOP,1,1,0.8904374993787532,0.3835448264186727,1.00002616656269,0.3847465740751383,0.984613338648213
IXI572-HH-2605,HH,1,1,3.605049867123578,0.43555387926461125,1.2357735634628475,0.4464218228013336,1.3047804019509313
IXI573-IOP-1155,IOP,0,0,1.375188187743405,0.5050320174558819,1.0818905702345716,0.48548331715584403,1.0873939782646924
IXI574-IOP-1156,IOP,0,1,1.3824837532856147,0.40843585693240614,1.1366666780016126,0.41630519948739697,1.1981213981469276
IXI575-HH-2658,HH,0,1,1.6391008460155556,0.40998340791005206,1.0958358524836609,0.40444036413809503,1.0531404619446598
IXI576-Guys-1077,Guys,0,0,1.2687843658779863,0.38739477169419323,0.9995335467193938,0.3753350056561494,0.9795757340526159
IXI577-HH-2661,HH,0,0,2.3118926019486654,0.4679426356238541,1.341619650529138,0.4875103008246489,1.4460111447400539
IXI578-Guys-1078,Guys,0,1,2.0067741158197636,0.4090776946977489,1.0432789560139455,0.4006473165338905,1.037020837716887
IXI579-Guys-1126,Guys,0,0,0.8200541098644166,0.38585281311195413,1.023295630149502,0.40014598945771457,1.0326174125476644
IXI582-Guys-1127,Guys,1,1,1.8876596292449397,0.39840402798889246,1.0105777019936055,0.3852265260354519,0.9832158190991456
IXI584-Guys-1129,Guys,0,0,3.2973286603570555,0.38455828620002497,0.9810764561967572,0.3757248353562061,0.9818418769296189
IXI585-Guys-1130,Guys,0,1,1.6325045883400426,0.38397551902924226,1.001620811101451,0.38373695303121447,1.0093711146129143
IXI586-HH-2451,HH,0,2,5.115776803608727,0.47411306984092944,1.7084525012309577,0.483002189726666,1.6419724468479355
IXI587-Guys-1128,Guys,1,1,3.298149363900695,0.40258730720737856,1.0345376824186032,0.40363772008460275,1.073557569483328
IXI588-IOP-1158,IOP,0,1,1.3489587207741238,0.3861358855034236,0.9796649000725356,0.37848990722719655,0.9855186799375021
IXI591-Guys-1084,Guys,0,0,1.0277518354425532,0.3797299859579339,0.989188148030458,0.37664206779975606,0.9783345391469787
IXI592-Guys-1085,Guys,0,1,2.3630407004331175,0.3936038798992939,1.03573499534952,0.3861412404606477,1.0191113068539916
IXI593-Guys-1109,Guys,1,0,1.3447205066496717,0.39883951608445967,1.0338059442115242,0.39243574116700936,0.9961728604550032
IXI594-Guys-1089,Guys,1,0,1.6156187079761384,0.4114603289546613,1.0274836531807316,0.39466923499882434,1.0112125355762331
IXI595-IOP-1159,IOP,1,1,2.300899521695903,0.41415022906517746,1.0308081581876183,0.4084743302993856,1.026153229376188
IXI596-IOP-1160,IOP,1,1,1.3277287599299812,0.4525390362879553,1.0186706219446509,0.42599115251129754,1.0395534322966924
IXI597-IOP-1161,IOP,0,0,1.7582138740857411,0.39302183899391996,1.009741198449727,0.3854976903583854,1.019324675664871
IXI598-HH-2606,HH,0,0,2.2394777714334992,0.40449837064606176,1.093899504708435,0.4001507129134707,1.0464646924821641
IXI599-HH-2659,HH,0,1,2.6449111132956826,0.3849159825368418,1.0017163795826802,0.3799947636517828,1.0167099420743804
IXI600-HH-2660,HH,1,1,2.0846877101938825,0.429014231529726,1.0764668274044389,0.4318544567488841,1.117637686139751
IXI601-HH-2700,HH,1,0,1.8842191802812533,0.4637177697752254,1.396798714258082,0.45771123607985337,1.4190439823519871
IXI603-HH-2701,HH,1,0,0.9723238245292545,0.3900542962708832,0.9950140654435111,0.3695563662112912,0.9915060230628019
IXI605-HH-2598,HH,1,0,1.9509442129164876,0.399938410229666,1.0130297685702625,0.3797156692825341,0.9972927647333855
IXI606-HH-2601,HH,1,1,1.6292780128822069,0.42982153232582626,1.0300990955896316,0.4258593693391058,1.0651782373927297
IXI607-Guys-1097,Guys,1,1,2.409699380533328,0.5825696600562029,1.3824131951630891,0.45881770530563715,1.1330808269997314
IXI608-HH-2599,HH,1,0,1.8208085125516138,0.3845712010647868,1.0327196064002018,0.3885967907220723,1.0261075235623773
IXI609-HH-2600,HH,0,1,1.6596029373441397,0.42003374582837416,1.0644193064602077,0.46313040336123806,1.0856634679931205
IXI610-HH-2649,HH,0,0,1.3211186117817721,0.3983827291044784,1.0426657422684484,0.39702575741384855,1.0593553370070945
IXI611-HH-2650,HH,0,1,1.5062556175938275,0.4499132237578562,1.116109346283546,0.4232344839481402,1.0762519699297972
IXI612-HH-2688,HH,1,0,1.1495835118882785,0.41677754158146735,1.052574786282626,0.4021290203437127,1.0424475337452273
IXI613-HH-2734,HH,0,0,1.805262816718553,0.39707613136871744,1.0669976499248277,0.40334754812064544,1.0261951872591393
IXI614-HH-2735,HH,0,1,1.686653506065914,0.43483835664630194,1.044805378874668,0.4008958636807038,1.0261142830258938
IXI616-Guys-1092,Guys,1,0,0.907318953720709,0.38442529190796687,0.9846751829732645,0.3859832205849614,0.9965843621516919
IXI617-Guys-1090,Guys,1,0,3.208453189645229,0.3943317421076609,0.9865062527331242,0.3936540885829116,1.0001754661644058
IXI618-Guys-1091,Guys,0,0,1.5836884137977738,0.39136023488998345,1.029235201242856,0.38818998056026777,1.017427739305076
IXI619-Guys-1099,Guys,1,0,1.8641446026856106,0.377952699610592,0.9929349397949967,0.36776144067877004,0.9785945795675399
IXI621-Guys-1100,Guys,0,0,1.6429540758767205,0.477708386254267,1.1106070505814134,0.4567131372630601,1.1257453583163817
IXI622-Guys-1102,Guys,1,0,1.9264828201227395,0.39907283031211016,1.0476158080876947,0.3995951492908509,1.0304566793453593
IXI625-Guys-1098,Guys,1,1,1.859533211743355,0.389080594785972,0.9805196299764866,0.3923077586953738,1.0158469234062875
IXI626-Guys-1094,Guys,0,1,2.3452232951013676,0.3849515138682056,1.018823775083993,0.3775156959724447,0.9905140334740121
IXI627-Guys-1103,Guys,1,0,1.9386037147499429,0.4167795976693047,1.0237933585743018,0.39020577274461715,1.0098468019092892
IXI629-Guys-1095,Guys,2,0,1.588943383826002,0.3782075634577053,0.9849501278922856,0.3759491943637965,0.9957506527792301
IXI630-Guys-1108,Guys,1,0,2.3826003865273795,0.5123390513936041,1.1066734892632046,0.5183488012423058,1.148655658401781
IXI631-HH-2651,HH,0,0,1.2803936657521648,0.3853990556354665,1.0046762704305459,0.3854267660391783,0.9979443981327908
IXI632-HH-2652,HH,1,0,1.56796612659241,0.4136416264875976,1.1128613983386075,0.41825040288272003,1.1772828441901446
IXI633-HH-2689,HH,0,0,2.4523185241419867,0.4675851978080954,1.0353557346081441,0.4392231670440664,1.0261047805416035
IXI634-HH-2690,HH,1,1,1.1983575983717352,0.39161901594422377,1.0166132903685678,0.3951810710806962,1.0271864648267401
IXI635-HH-2691,HH,0,0,3.499762327650903,0.46615664406431767,1.281087761874264,0.4320295125848733,1.2406180564140266
IXI636-HH-2733,HH,0,0,1.8521233873776282,0.4115397543060057,1.058448716772428,0.4275377182015457,1.092027869786572
IXI639-Guys-1088,Guys,1,1,2.6737628568976004,0.588488851187864,1.456474938305231,0.4448083006258538,1.1291309364323736
IXI640-Guys-1106,Guys,1,0,2.3112894668132484,0.4662677507072171,1.3719783723606744,0.4228400370880315,1.3347407065625296
IXI641-Guys-1105,Guys,2,1,1.5429456774663093,0.4809820636833196,1.129506903951986,0.45426643894646773,1.1056054124694197
IXI642-Guys-1104,Guys,0,0,0.9361531914718673,0.3682700059210246,0.9666031959079161,0.3711193486666239,0.9758252568368538
IXI644-Guys-1121,Guys,1,1,1.598917141589378,0.4171684572415624,1.0574165724316464,0.41472858834937765,1.058219506780755
IXI646-HH-2653,HH,0,0,2.014685076287392,0.4567424240971459,1.080491235349999,0.41437937090028765,1.0975118925673577
IXI648-Guys-1107,Guys,0,1,0.9424732639966574,0.4172059468727391,1.053590028467487,0.4424868392550561,1.0940856619313668
IXI651-Guys-1118,Guys,0,0,1.2118283081224137,0.38967968689717075,0.9905110074985906,0.37710198812523144,0.9863028264247973
IXI652-Guys-1116,Guys,0,0,1.618810623896233,0.4112999948713757,1.0352038246594524,0.4138770792006282,1.025304250237006
IXI653-Guys-1122,Guys,0,0,1.7386726955979765,0.38816273768294424,0.9819951495620491,0.3839086264337889,0.9938601155724059
IXI662-Guys-1120,Guys,1,0,2.779546824431487,0.40227745236848367,1.038969297317332,0.4385269174101803,1.137697446053174
