repeat,fold,model,mae
0,0,baseline,14.370824598183086
0,0,ridge,7.934195256498292
0,0,random_forest,7.358476891662195
0,0,gradient_boosting,7.301203249852456
0,1,baseline,13.591367332438615
0,1,ridge,7.433551266881394
0,1,random_forest,7.774279302904743
0,1,gradient_boosting,7.558837057480736
0,2,baseline,11.805585379332124
0,2,ridge,6.777935588314096
0,2,random_forest,7.585325217400384
0,2,gradient_boosting,8.03419943082873
0,3,baseline,14.805080129470277
0,3,ridge,7.443583915078602
0,3,random_forest,7.369754934040281
0,3,gradient_boosting,7.32752275645261
0,4,baseline,14.7670442883082
0,4,ridge,7.554147198093258
0,4,random_forest,7.199740662547976
0,4,gradient_boosting,7.424982596457093
0,5,baseline,13.761139180547882
0,5,ridge,7.834164500119114
0,5,random_forest,7.791722294055541
0,5,gradient_boosting,8.220588210315748
0,6,baseline,14.48176758506355
0,6,ridge,6.384065252096973
0,6,random_forest,6.707986200118554
0,6,gradient_boosting,6.562411683493231
0,7,baseline,14.685564853556482
0,7,ridge,7.750785607047034
0,7,random_forest,7.63344383046274
0,7,gradient_boosting,7.984403253037649
0,8,baseline,16.348034262256256
0,8,ridge,7.3407891200665505
0,8,random_forest,7.789328692663576
0,8,gradient_boosting,7.132100277028978
0,9,baseline,14.169475803268336
0,9,ridge,7.208579253355292
0,9,random_forest,6.657085093440565
0,9,gradient_boosting,6.564625076699717
1,0,baseline,16.941540492274243
1,0,ridge,7.031865340108469
1,0,random_forest,6.578816688697248
1,0,gradient_boosting,6.306130133807375
1,1,baseline,13.904428830820242
1,1,ridge,7.32409583516647
1,1,random_forest,7.496059572935987
1,1,gradient_boosting,7.81309607857681
1,2,baseline,13.33367411383911
1,2,ridge,7.48953699942304
1,2,random_forest,6.933943396226414
1,2,gradient_boosting,7.359202777896423
1,3,baseline,13.077007184021475
1,3,ridge,8.002774803172636
1,3,random_forest,8.048214896094336
1,3,gradient_boosting,7.677565132443978
1,4,baseline,13.281499171074444
1,4,ridge,8.189433933058455
1,4,random_forest,7.197791526742106
1,4,gradient_boosting,7.568354079714137
1,5,baseline,15.935572748085574
1,5,ridge,6.850138166726636
1,5,random_forest,7.687067885019377
1,5,gradient_boosting,7.667621787692435
1,6,baseline,14.066017999526332
1,6,ridge,7.45606959609051
1,6,random_forest,7.549165833149041
1,6,gradient_boosting,7.366190074656563
1,7,baseline,13.308474776979557
1,7,ridge,7.700238763926485
1,7,random_forest,8.166713257069617
1,7,gradient_boosting,7.613769039900649
1,8,baseline,15.014770663929896
1,8,ridge,7.033838518430826
1,8,random_forest,7.381980788394384
1,8,gradient_boosting,7.528508426597524
1,9,baseline,14.164225941422592
1,9,ridge,6.79765273403258
1,9,random_forest,6.022435871425484
1,9,gradient_boosting,6.114065051654192
2,0,baseline,14.687141858839968
2,0,ridge,6.6660925158209885
2,0,random_forest,6.7587575483123565
2,0,gradient_boosting,6.734661762386232
2,1,baseline,13.257918212678614
2,1,ridge,7.554754583985482
2,1,random_forest,8.166790355166423
2,1,gradient_boosting,8.357378884426005
2,2,baseline,12.9252980184732
2,2,ridge,6.522004592407697
2,2,random_forest,6.621112598267153
2,2,gradient_boosting,6.493061472376227
2,3,baseline,13.951646009315542
2,3,ridge,7.51130352370722
2,3,random_forest,7.5354593510246355
2,3,gradient_boosting,7.570194033069935
2,4,baseline,14.954428830820245
2,4,ridge,7.2390444757693455
2,4,random_forest,7.440986519060171
2,4,gradient_boosting,6.909127790509925
2,5,baseline,15.06573379647904
2,5,ridge,7.305949765366078
2,5,random_forest,7.50485449347453
2,5,gradient_boosting,7.442481042156082
2,6,baseline,13.75700639456856
2,6,ridge,7.786536848668164
2,6,random_forest,7.955438224153522
2,6,gradient_boosting,8.324544024958634
2,7,baseline,14.32083366227205
2,7,ridge,7.5735317515014335
2,7,random_forest,6.340185841185568
2,7,gradient_boosting,6.452622938980275
2,8,baseline,15.430950501302595
2,8,ridge,9.10273514141625
2,8,random_forest,8.870039484268322
2,8,gradient_boosting,8.553592685856898
2,9,baseline,14.72060077366385
2,9,ridge,6.6241005198853244
2,9,random_forest,6.793263183236603
2,9,gradient_boosting,6.971123980694145
3,0,baseline,13.544817144188212
3,0,ridge,6.846307540886523
3,0,random_forest,7.032808641975299
3,0,gradient_boosting,6.768189033947489
3,1,baseline,15.83388726612458
3,1,ridge,8.597150916402164
3,1,random_forest,8.826652149752785
3,1,gradient_boosting,9.082323854193472
3,2,baseline,16.299530275519068
3,2,ridge,7.976964470665008
3,2,random_forest,8.816117701098502
3,2,gradient_boosting,8.832675028028218
3,3,baseline,13.60111312860188
3,3,ridge,7.312020094623206
3,3,random_forest,6.722818444345895
3,3,gradient_boosting,6.954295671256051
3,4,baseline,13.274911186547724
3,4,ridge,6.913788430126084
3,4,random_forest,6.790705435298652
3,4,gradient_boosting,6.783862319143667
3,5,baseline,13.30749190810768
3,5,ridge,8.085260128261458
3,5,random_forest,7.482918440808538
3,5,gradient_boosting,7.4312813271090254
3,6,baseline,13.90737743743586
3,6,ridge,8.092345705531214
3,6,random_forest,6.957587534808514
3,6,gradient_boosting,7.258564447409816
3,7,baseline,14.49322649403963
3,7,ridge,7.156430865179969
3,7,random_forest,6.835915732086956
3,7,gradient_boosting,6.842203368537601
3,8,baseline,14.246269835004338
3,8,ridge,7.050411886891888
3,8,random_forest,7.423590849087892
3,8,gradient_boosting,7.474190778941343
3,9,baseline,14.792843609378702
3,9,ridge,6.596717101859343
3,9,random_forest,6.444839883947943
3,9,gradient_boosting,7.0050295235849855
4,0,baseline,14.449413774361362
4,0,ridge,7.223821736401715
4,0,random_forest,7.276094630775147
4,0,gradient_boosting,7.568301037731152
4,1,baseline,14.058028736085893
4,1,ridge,7.556427561824938
4,1,random_forest,7.275432543872696
4,1,gradient_boosting,7.269742651055975
4,2,baseline,14.752443356753773
4,2,ridge,6.447758889258522
4,2,random_forest,6.638781510309241
4,2,gradient_boosting,6.651477632946496
4,3,baseline,14.707389279229494
4,3,ridge,6.992869936868975
4,3,random_forest,7.518452990027959
4,3,gradient_boosting,6.919700863718409
4,4,baseline,14.715046972448093
4,4,ridge,7.72343045604101
4,4,random_forest,7.997213836477992
4,4,gradient_boosting,8.18447828422911
4,5,baseline,13.010870766558778
4,5,ridge,8.310644982448984
4,5,random_forest,8.20101674263684
4,5,gradient_boosting,8.108615121606832
4,6,baseline,14.5901989421331
4,6,ridge,6.286577042305702
4,6,random_forest,6.060863309513323
4,6,gradient_boosting,6.166995525510996
4,7,baseline,12.55811952317044
4,7,ridge,8.275569047650183
4,7,random_forest,8.668796853742096
4,7,gradient_boosting,8.35244888742297
4,8,baseline,13.51312465461435
4,8,ridge,7.869569629883736
4,8,random_forest,7.460961028017325
4,8,gradient_boosting,7.63945294028199
4,9,baseline,16.779880792610722
4,9,ridge,7.878540709730635
4,9,random_forest,6.992506119238562
4,9,gradient_boosting,7.023233225533728
0,0,svr,9.003610381362503
0,0,gaussian_process,7.869309275155551
0,0,mlp,7.649508583924575
0,1,svr,6.974459393927014
0,1,gaussian_process,7.199939638961598
0,1,mlp,7.448384880261266
0,2,svr,7.413592513359422
0,2,gaussian_process,6.844603122633742
0,2,mlp,7.380683462883903
0,3,svr,8.100899341892013
0,3,gaussian_process,7.69337257187144
0,3,mlp,7.292637596365479
0,4,svr,7.6758178533622585
0,4,gaussian_process,7.194868382890195
0,4,mlp,7.575907724181219
0,5,svr,7.7551905714667315
0,5,gaussian_process,7.594117590135243
0,5,mlp,7.6075781053297264
0,6,svr,6.981792230220866
0,6,gaussian_process,6.267021111942515
0,6,mlp,6.480404203353969
0,7,svr,8.407578778458703
0,7,gaussian_process,7.538905039867326
0,7,mlp,7.2278209752812925
0,8,svr,8.079588093370349
0,8,gaussian_process,7.828215316024792
0,8,mlp,7.349465858397351
0,9,svr,6.141692315570874
0,9,gaussian_process,6.791731335354984
0,9,mlp,6.627508391924838
1,0,svr,7.478685643343012
1,0,gaussian_process,6.982434202496622
1,0,mlp,7.488694418597765
1,1,svr,8.210316925121312
1,1,gaussian_process,7.371469303965112
1,1,mlp,7.568861725677311
1,2,svr,8.123737495638183
1,2,gaussian_process,7.295908874543292
1,2,mlp,7.368001121434571
1,3,svr,7.544853398948563
1,3,gaussian_process,7.8317730166261095
1,3,mlp,7.8240897447557485
1,4,svr,7.5365387151126395
1,4,gaussian_process,7.929519717444551
1,4,mlp,7.347024724014006
1,5,svr,8.371208099592698
1,5,gaussian_process,6.906600895162952
1,5,mlp,7.083579394800438
1,6,svr,7.652931164029343
1,6,gaussian_process,7.107362423772895
1,6,mlp,7.199722366610539
1,7,svr,8.009918479098477
1,7,gaussian_process,7.708334763456214
1,7,mlp,7.60865927687129
1,8,svr,7.186138908441508
1,8,gaussian_process,7.1350094737793155
1,8,mlp,6.881924107173017
1,9,svr,7.506468502096382
1,9,gaussian_process,6.831444957104497
1,9,mlp,7.271522664851328
2,0,svr,7.3353124348917325
2,0,gaussian_process,6.498690079296562
2,0,mlp,6.611110134883862
2,1,svr,7.754207418784419
2,1,gaussian_process,7.131876737451839
2,1,mlp,7.313413011454632
2,2,svr,6.321224514678778
2,2,gaussian_process,6.134970296526
2,2,mlp,5.975373532748511
2,3,svr,7.919405080841137
2,3,gaussian_process,7.439625352878854
2,3,mlp,7.667317760978557
2,4,svr,7.056132463698198
2,4,gaussian_process,7.257905149261912
2,4,mlp,7.595905534082951
2,5,svr,7.196307391199933
2,5,gaussian_process,7.065883161219338
2,5,mlp,7.23573504307426
2,6,svr,8.578765522993395
2,6,gaussian_process,8.102796909333136
2,6,mlp,8.251082155890854
2,7,svr,7.879280512905665
2,7,gaussian_process,7.847700708211277
2,7,mlp,8.686744245534706
2,8,svr,9.562307123962066
2,8,gaussian_process,9.04355394632831
2,8,mlp,9.086211161142158
2,9,svr,7.805599609288844
2,9,gaussian_process,6.605107348211756
2,9,mlp,6.516905676148254
3,0,svr,6.885114942743223
3,0,gaussian_process,6.556805479121185
3,0,mlp,7.010411069097806
3,1,svr,9.338579399528877
3,1,gaussian_process,8.71081580085619
3,1,mlp,8.2758131372437
3,2,svr,9.440870687015552
3,2,gaussian_process,7.831927207344616
3,2,mlp,7.6083649400243
3,3,svr,7.937683739034381
3,3,gaussian_process,7.540325656977921
3,3,mlp,6.939967323389245
3,4,svr,7.245375027549151
3,4,gaussian_process,6.7346573324725165
3,4,mlp,7.491302701821309
3,5,svr,7.871383085627589
3,5,gaussian_process,7.876696986662297
3,5,mlp,7.96712207272227
3,6,svr,7.330124993334022
3,6,gaussian_process,7.893016395499596
3,6,mlp,8.095422269041613
3,7,svr,7.0892084246827025
3,7,gaussian_process,6.699463810360236
3,7,mlp,6.786777023734075
3,8,svr,8.224395531214608
3,8,gaussian_process,7.1400888943207415
3,8,mlp,6.741977724309642
3,9,svr,6.963209090470029
3,9,gaussian_process,6.664918477517583
3,9,mlp,7.581353323809159
4,0,svr,8.348205259070513
4,0,gaussian_process,7.391448277969408
4,0,mlp,7.559026874178606
4,1,svr,7.62037943276752
4,1,gaussian_process,7.322320019676465
4,1,mlp,7.1261013785626135
4,2,svr,6.280156681529282
4,2,gaussian_process,6.407883240150345
4,2,mlp,6.21937182594221
4,3,svr,8.51757375490539
4,3,gaussian_process,7.290819646126167
4,3,mlp,6.848392131192648
4,4,svr,8.007403612969926
4,4,gaussian_process,7.654619153499073
4,4,mlp,8.052119295784776
4,5,svr,7.887521324258537
4,5,gaussian_process,8.04135725320102
4,5,mlp,8.114918186233353
4,6,svr,6.2889297300240266
4,6,gaussian_process,5.968922182403027
4,6,mlp,6.168938318825338
4,7,svr,8.207791826319616
4,7,gaussian_process,8.18761906860032
4,7,mlp,7.962617592985579
4,8,svr,7.419313041166902
4,8,gaussian_process,7.605379553530333
4,8,mlp,7.62961121734345
4,9,svr,8.099349681077124
4,9,gaussian_process,7.445378192804021
4,9,mlp,7.272096437450655
