,importance_mean,importance_sd
gm,5.217372093998368,0.7954174756037411
csf,2.4327943547915565,0.5780633920507521
L_Caud,0.05583918610443186,0.07964667386517738
wm,0.0536485953342951,0.1045601492390327
R_Pall,0.04194263381483403,0.07422188156592961
BrStem,0.030360933364798243,0.09178617521833884
R_Caud,0.027692883686492697,0.019704880808138182
R_Accu,0.025272468449358255,0.07428933966080352
L_Hipp,0.021066791042663492,0.06734144550775097
R_Puta,0.021059953795786478,0.04321218016378672
L_Puta,0.011542210308956085,0.039518511376311564
L_Amyg,0.005906153336510794,0.08889238848451154
L_Pall,-0.001261560340309699,0.051631437535484284
R_Thal,-0.005915595852214285,0.03578385486852779
L_Thal,-0.006211159345307689,0.05536080761947276
R_Hipp,-0.007017581105706422,0.07984578332165389
R_Amyg,-0.008573526635345797,0.03793526819935057
L_Accu,-0.009114291106377287,0.049644183554178954
